Title,Authors(s),Fandom(s),Language:,Words:,Chapters:,Collections:,Comments:,Kudos:,Bookmarks:,Hits:,Rating,Publication Date,Characters(s),Relationship(s),Warning(s),Unrequited Love,Romance,Crossover,Quidditch,Friendship,Friendship/Love,Best Friends,Alternate Universe,Gift Fic,Death,Wizards,3 Sentence Fiction,Parody,One of these is not like the other,one of these does not belong,Past Lives,Hogwarts AU,Humanstuck,I might update really slowly but i will update,Post-Canon HP,Homestuck AU,the big 3's kids are briefly mentioned they aren't main characters though,the ships don't really come in till like third year though so yeah,and even then it's like oh um hey i uh kinda like you oh uh heh heh me too,So yeah,no sloppy makeouts until fifth year at least,sorry - Freeform,but the rating might go up around sixth year,because let's be honest in the hp canon there was totally some wizard sex going on around then,but yeah this is going to get finished i promise,ahahahaha ok here is all the stuff about what people look like,John is like Hispanic or something idk,Jade is mixed whatever John is and black,Rose and Dave are albino,So is Karkat - Freeform,Aradia is Asian,Tavros is mixed black and white,Sollux is whatever you want him to be,Nepeta is middle eastern,oh yeah karkat is middle eastern too even though he's albino,Kanaya is black,Terezi is a redhead so I guess that makes her white,Vriska is an indeterminate race that isn't any one race,but she's really tan and her hair is medium-dark brown,idk about equius,equius is whatever you want him to be,Gamzee is black but he wears that makeup,Eridan is white and furious that he isn't blond because now his hair is hard to dye,Feferi is Hispanic,these are actually not important,but it's how they're described in it,so if you want to know my headcanons,there you go,Sollux's tag got deleted,He's like native islander or something,But his hair is honey,Doomed Timelines,Alternate Universe - Fusion,Post-Sburb/Sgrub,Boggartstuck,Angst,Emotional Hurt/Comfort,Self-Harm,References to Suicide,Suicide Attempt,Existentialism,Potterstuck,AU,Hogwarts,third year,Why?,Pale Romance | Moirallegiance,Ashen Romance | Auspistice,CROSSOVER!!!!1,High School AU,also supernatural stuff,everyone is 18,first fic,iM A DORK FOR WRITING THIS,lmaooo,bUT this mite turn out goof,Alcohol Abuse/Alcoholism,harry is a troll,Everybody Dies,pesterlogs trollian logs,for potterstuck,because tumblr is a dick,will be mashed into one big file eventually,see main thing for it if you want,Fusion,Trans Character,wizardstuck,animagi,beta kids - Freeform,Beta Trolls - Freeform,occasional smut,Underage - Freeform,awkward teen smut,x-over,Emo,Goth - Freeform,Vampires,Werewolves,Rainbow Drinkers,OCs - Freeform,Dark,Blood,Gore,Sex,Drugs,Alcohol,Hunger Games x Harry Potter x Twilight x Homestuck,Incest,Kinks,BDSM,crack ships,x-over ships,Omega!verse,First Meetings,Flushed Romance | Matesprits,Caliginous Romance | Kismesis,Pure Crack,Aesthetics,Not related to the first instalment of A Shitty Fanfiction,oh look a sequel,john and dave have children,Alternate Universe - Modern Setting,Alternate Universe - High School,Alternate Universe - Human,Alternate Reality,Alternate Universe- No Supernatural,Alternate Universe - Harry Potter Setting,Alternate Universe - Hogwarts,Alternate Universe - Ordinary People,Alternate Universe - Aliens,Alternate Universe - Creatures & Monsters,Alternate Universe - Magic,Alternate Universe - No Powers,Alternate Universe - Non-Magical,Timeline Shenanigans,Human/Troll Society,Alien Cultural Differences,Developing Relationship,Makeshift Parental Figure/Guardian,Demonic Influence of the questionable motives kind,The HS kids dont question anything,Until legit magic is involved,Then all the questioning,And eventual acceptance cause why the fuck not,character death (mentioned),Black-Red Vacillation,Asshole Jake,Oblivious Jake,He-gets-better Jake,Cheating,mild bloodplay,Sibling Incest,Plot Bunnies - Freeform,adoptables,feel free to finish any of these,seriously,take them,name swaps,Homestuck - Freeform,fan comic,on tumblr,it's potterstuck,if that makes any fucking sense,homestuck game mechanics meshed in an au harry potter world,shenannigans,put her because tumblr is stupid,can't change text color on it,hate it,But whatever,very slow updates,possible connect to waxing pale,behold my ever so shitty art,that's all i really have to say,SBURB/SGRUB,Epistolary,Book 4: Harry Potter and the Goblet of Fire,johnkat - Freeform,mspaintadventures - Freeform,fly.by.night,flybynightjohnkat,Teacher-Student Relationship,Journalism,Dubious Consent,All the trolls (also Alfa-trolls),all the kids - Freeform,Friendship (or something....),No relationships (sorry Nepeta),Everyone (okay ALMOST everyone) goes to Hogwarts,Confused Karkat,There is actually a plot,I cannot think of anything more....,segregation,Equality Movements,Boarding School,Magic,Technology,Alternate Timeline,Trolls At Hogwarts,What An Original Concept,I Bet You're Excited,Hogwartsstuck,I'm Coining That,Humor,Other Additional Tags to Be Added
"Good Luck","whenyouheldtheknife","Homestuck,Harry Potter - J. K. Rowling",English,2093,1/1,0,1,23,1,506,Teen And Up Audiences,21 Feb 2013,"John Egbert,Dave Strider,Rose Lalonde","John Egbert/Dave Strider","No Archive Warnings Apply",1,1,1,1,1,1,1,0,0,0,0,0,0,0,0,0,0,0,0,0,0,0,0,0,0,0,0,0,0,0,0,0,0,0,0,0,0,0,0,0,0,0,0,0,0,0,0,0,0,0,0,0,0,0,0,0,0,0,0,0,0,0,0,0,0,0,0,0,0,0,0,0,0,0,0,0,0,0,0,0,0,0,0,0,0,0,0,0,0,0,0,0,0,0,0,0,0,0,0,0,0,0,0,0,0,0,0,0,0,0,0,0,0,0,0,0,0,0,0,0,0,0,0,0,0,0,0,0,0,0,0,0,0,0,0,0,0,0,0,0,0,0,0,0,0,0,0,0,0,0,0,0,0,0,0,0,0,0,0,0,0,0,0,0,0,0,0,0,0,0,0,0,0,0,0,0,0,0,0,0,0,0,0,0,0,0,0,0,0,0,0,0,0,0,0,0,0,0,0,0,0,0,0,0,0,0,0,0,0
"poterstuck 2","blackkitty9","Harry Potter - J. K. Rowling,Homestuck",English,1602,7/7,0,0,3,0,246,General Audiences,21 Aug 2013,"Jade Harley,John Egbert,Harry Potter,Ginny Weasley,Lily Evans Potter,Severus Snape,Portrait Albus Dumbledore,Dave Strider,Neville Longbottom","John Egbert/Dave Strider,Harry Potter/Ginny Weasley,Lily Evans Potter & Severus Snape,Neville Longbottom/Luna Lovegood","Creator Chose Not To Use Archive Warnings,Major Character Death",0,0,0,0,0,0,0,0,0,0,0,0,0,0,0,0,0,0,0,0,0,0,0,0,0,0,0,0,0,0,0,0,0,0,0,0,0,0,0,0,0,0,0,0,0,0,0,0,0,0,0,0,0,0,0,0,0,0,0,0,0,0,0,0,0,0,0,0,0,0,0,0,0,0,0,0,0,0,0,0,0,0,0,0,0,0,0,0,0,0,0,0,0,0,0,0,0,0,0,0,0,0,0,0,0,0,0,0,0,0,0,0,0,0,0,0,0,0,0,0,0,0,0,0,0,0,0,0,0,0,0,0,0,0,0,0,0,0,0,0,0,0,0,0,0,0,0,0,0,0,0,0,0,0,0,0,0,0,0,0,0,0,0,0,0,0,0,0,0,0,0,0,0,0,0,0,0,0,0,0,0,0,0,0,0,0,0,0,0,0,0,0,0,0,0,0,0,0,0,0,0,0,0,0,0,0,0,0,0
"Magic, the Sun, and the Sky","MadMegatax","Homestuck,Harry Potter - J. K. Rowling",English,2270,2/?,0,5,14,1,496,General Audiences,29 Sep 2012,"John Egbert,Rose Lalonde,Dave Strider,Jade Harley","John Egbert/Rose Lalonde,more to be revealed later","Creator Chose Not To Use Archive Warnings",0,0,0,0,0,0,0,1,1,0,0,0,0,0,0,0,0,0,0,0,0,0,0,0,0,0,0,0,0,0,0,0,0,0,0,0,0,0,0,0,0,0,0,0,0,0,0,0,0,0,0,0,0,0,0,0,0,0,0,0,0,0,0,0,0,0,0,0,0,0,0,0,0,0,0,0,0,0,0,0,0,0,0,0,0,0,0,0,0,0,0,0,0,0,0,0,0,0,0,0,0,0,0,0,0,0,0,0,0,0,0,0,0,0,0,0,0,0,0,0,0,0,0,0,0,0,0,0,0,0,0,0,0,0,0,0,0,0,0,0,0,0,0,0,0,0,0,0,0,0,0,0,0,0,0,0,0,0,0,0,0,0,0,0,0,0,0,0,0,0,0,0,0,0,0,0,0,0,0,0,0,0,0,0,0,0,0,0,0,0,0,0,0,0,0,0,0,0,0,0,0,0,0,0,0,0,0,0,0
"Another Way","stunrunner","Homestuck,Harry Potter - J. K. Rowling",English,3864,1/1,1,3,10,1,51,Not Rated,21 Sep 2014,"Nepeta Leijon,Dirk Strider,Auto-Responder | Lil Hal","Nepeta Leijon & Dirk Strider,Auto-Responder/Nepeta Leijon","Creator Chose Not To Use Archive Warnings",0,0,0,0,0,0,0,0,0,1,0,0,0,0,0,0,0,0,0,0,0,0,0,0,0,0,0,0,0,0,0,0,0,0,0,0,0,0,0,0,0,0,0,0,0,0,0,0,0,0,0,0,0,0,0,0,0,0,0,0,0,0,0,0,0,0,0,0,0,0,0,0,0,0,0,0,0,0,0,0,0,0,0,0,0,0,0,0,0,0,0,0,0,0,0,0,0,0,0,0,0,0,0,0,0,0,0,0,0,0,0,0,0,0,0,0,0,0,0,0,0,0,0,0,0,0,0,0,0,0,0,0,0,0,0,0,0,0,0,0,0,0,0,0,0,0,0,0,0,0,0,0,0,0,0,0,0,0,0,0,0,0,0,0,0,0,0,0,0,0,0,0,0,0,0,0,0,0,0,0,0,0,0,0,0,0,0,0,0,0,0,0,0,0,0,0,0,0,0,0,0,0,0,0,0,0,0,0,0
"potterstuck","blackkitty9","Harry Potter - J. K. Rowling,Homestuck",English,1560,5/5,0,12,2,0,677,General Audiences,31 Jul 2013,"Harry Potter,Angelina Johnson,Fred Weasley,George Weasley,John Egbert,Dave Strider,Hermione Granger,Ron Weasley","Angelina Johnson/Fred Weasley,John Egbert/Dave Strider,Harry Potter/Ginny Weasley,Hermione Granger/Ron Weasley,Rose Lalonde/Kanaya Maryam","Creator Chose Not To Use Archive Warnings",0,0,0,0,0,0,0,0,0,0,1,0,0,0,0,0,0,0,0,0,0,0,0,0,0,0,0,0,0,0,0,0,0,0,0,0,0,0,0,0,0,0,0,0,0,0,0,0,0,0,0,0,0,0,0,0,0,0,0,0,0,0,0,0,0,0,0,0,0,0,0,0,0,0,0,0,0,0,0,0,0,0,0,0,0,0,0,0,0,0,0,0,0,0,0,0,0,0,0,0,0,0,0,0,0,0,0,0,0,0,0,0,0,0,0,0,0,0,0,0,0,0,0,0,0,0,0,0,0,0,0,0,0,0,0,0,0,0,0,0,0,0,0,0,0,0,0,0,0,0,0,0,0,0,0,0,0,0,0,0,0,0,0,0,0,0,0,0,0,0,0,0,0,0,0,0,0,0,0,0,0,0,0,0,0,0,0,0,0,0,0,0,0,0,0,0,0,0,0,0,0,0,0,0,0,0,0,0,0
"30 Sentences","cest_what","Hikaru no Go,Anne of Green Gables - L. M. Montgomery,Gunnerkrigg Court,Code Name Verity - Elizabeth Wein,Calvin & Hobbes,Harry Potter - J. K. Rowling,Adventure Time,Homestuck,due South",English,601,10/10,0,8,19,0,730,General Audiences,20 Mar 2013,"","","No Archive Warnings Apply",0,0,0,0,0,0,0,0,0,0,0,1,0,0,0,0,0,0,0,0,0,0,0,0,0,0,0,0,0,0,0,0,0,0,0,0,0,0,0,0,0,0,0,0,0,0,0,0,0,0,0,0,0,0,0,0,0,0,0,0,0,0,0,0,0,0,0,0,0,0,0,0,0,0,0,0,0,0,0,0,0,0,0,0,0,0,0,0,0,0,0,0,0,0,0,0,0,0,0,0,0,0,0,0,0,0,0,0,0,0,0,0,0,0,0,0,0,0,0,0,0,0,0,0,0,0,0,0,0,0,0,0,0,0,0,0,0,0,0,0,0,0,0,0,0,0,0,0,0,0,0,0,0,0,0,0,0,0,0,0,0,0,0,0,0,0,0,0,0,0,0,0,0,0,0,0,0,0,0,0,0,0,0,0,0,0,0,0,0,0,0,0,0,0,0,0,0,0,0,0,0,0,0,0,0,0,0,0,0
"Karkat Vantas and that Stupid Fucking Stone","SlytherinPirate","Homestuck,Harry Potter - J. K. Rowling",English,5782,7/7,0,2,8,0,600,Teen And Up Audiences,30 Mar 2014,"Karkat Vantas,John Egbert,Vriska Serket,Kankri Vantas,Eridan Ampora","","Creator Chose Not To Use Archive Warnings",0,0,1,0,0,0,0,0,0,0,0,0,1,0,0,0,0,0,0,0,0,0,0,0,0,0,0,0,0,0,0,0,0,0,0,0,0,0,0,0,0,0,0,0,0,0,0,0,0,0,0,0,0,0,0,0,0,0,0,0,0,0,0,0,0,0,0,0,0,0,0,0,0,0,0,0,0,0,0,0,0,0,0,0,0,0,0,0,0,0,0,0,0,0,0,0,0,0,0,0,0,0,0,0,0,0,0,0,0,0,0,0,0,0,0,0,0,0,0,0,0,0,0,0,0,0,0,0,0,0,0,0,0,0,0,0,0,0,0,0,0,0,0,0,0,0,0,0,0,0,0,0,0,0,0,0,0,0,0,0,0,0,0,0,0,0,0,0,0,0,0,0,0,0,0,0,0,0,0,0,0,0,0,0,0,0,0,0,0,0,0,0,0,0,0,0,0,0,0,0,0,0,0,0,0,0,0,0,0
"Cara Mia Addio","lapisandsapphire","Neon Genesis Evangelion,Shingeki no Kyojin | Attack on Titan,Kuroshitsuji | Black Butler,Harry Potter - J. K. Rowling,Homestuck",English,284,1/1,1,0,0,0,68,Teen And Up Audiences,14 Oct 2014,"OCs","","Major Character Death",0,0,0,0,0,0,0,0,0,0,0,0,0,1,1,1,0,0,0,0,0,0,0,0,0,0,0,0,0,0,0,0,0,0,0,0,0,0,0,0,0,0,0,0,0,0,0,0,0,0,0,0,0,0,0,0,0,0,0,0,0,0,0,0,0,0,0,0,0,0,0,0,0,0,0,0,0,0,0,0,0,0,0,0,0,0,0,0,0,0,0,0,0,0,0,0,0,0,0,0,0,0,0,0,0,0,0,0,0,0,0,0,0,0,0,0,0,0,0,0,0,0,0,0,0,0,0,0,0,0,0,0,0,0,0,0,0,0,0,0,0,0,0,0,0,0,0,0,0,0,0,0,0,0,0,0,0,0,0,0,0,0,0,0,0,0,0,0,0,0,0,0,0,0,0,0,0,0,0,0,0,0,0,0,0,0,0,0,0,0,0,0,0,0,0,0,0,0,0,0,0,0,0,0,0,0,0,0,0
"Three Assholes Meet On a Train","autumnalArcher","Homestuck,Harry Potter - Fandom",English,2038,1/1,0,0,18,1,272,Not Rated,22 Jun 2013,"Karkat Vantas,Feferi Peixes,Sollux Captor","","Creator Chose Not To Use Archive Warnings",0,0,0,0,0,0,0,0,0,0,0,0,0,0,0,0,1,0,0,0,0,0,0,0,0,0,0,0,0,0,0,0,0,0,0,0,0,0,0,0,0,0,0,0,0,0,0,0,0,0,0,0,0,0,0,0,0,0,0,0,0,0,0,0,0,0,0,0,0,0,0,0,0,0,0,0,0,0,0,0,0,0,0,0,0,0,0,0,0,0,0,0,0,0,0,0,0,0,0,0,0,0,0,0,0,0,0,0,0,0,0,0,0,0,0,0,0,0,0,0,0,0,0,0,0,0,0,0,0,0,0,0,0,0,0,0,0,0,0,0,0,0,0,0,0,0,0,0,0,0,0,0,0,0,0,0,0,0,0,0,0,0,0,0,0,0,0,0,0,0,0,0,0,0,0,0,0,0,0,0,0,0,0,0,0,0,0,0,0,0,0,0,0,0,0,0,0,0,0,0,0,0,0,0,0,0,0,0,0
"In Which a Group of Sixteen Adolescent Wizards Meet and Become Friends Through a Series of Shenanigans","potatOeBowtieCo","Harry Potter - J. K. Rowling,Homestuck",English,7423,5/?,0,8,27,5,600,Teen And Up Audiences,17 Nov 2014,"John Egbert,Rose Lalonde,Jade Harley,Dave Strider,Karkat Vantas,Aradia Megido,Tavros Nitram,Sollux Captor,Nepeta Leijon,Kanaya Maryam,Terezi Pyrope,Vriska Serket,Equius Zahhak,Gamzee Makara,Eridan Ampora,Feferi Peixes,Rose Weasley,Hugo Weasley,Albus Severus Potter,Lily Evans Potter,James Sirius Potter,Rubeus Hagrid,Minerva McGonagall","Dave Strider/Karkat Vantas,Rose Lalonde/Kanaya Maryam,Gamzee Makara/Tavros Nitram,Sollux Captor/Aradia Megido,i might add more later idk,Terezi Pyrope/Karkat Vantas (pale),Nepeta Leijon/Equius Zahhak (pale),one-sided Aranea/Meenah (solely for comic relief and never gets serious),Past Latula/Rufioh","No Archive Warnings Apply",0,0,1,0,0,0,0,0,0,0,0,0,0,0,0,0,0,1,1,1,1,1,1,1,1,1,1,1,1,1,1,1,1,1,1,1,1,1,1,1,1,1,1,1,1,1,1,1,1,1,1,1,1,1,1,1,0,0,0,0,0,0,0,0,0,0,0,0,0,0,0,0,0,0,0,0,0,0,0,0,0,0,0,0,0,0,0,0,0,0,0,0,0,0,0,0,0,0,0,0,0,0,0,0,0,0,0,0,0,0,0,0,0,0,0,0,0,0,0,0,0,0,0,0,0,0,0,0,0,0,0,0,0,0,0,0,0,0,0,0,0,0,0,0,0,0,0,0,0,0,0,0,0,0,0,0,0,0,0,0,0,0,0,0,0,0,0,0,0,0,0,0,0,0,0,0,0,0,0,0,0,0,0,0,0,0,0,0,0,0,0,0,0,0,0,0,0,0,0,0,0,0,0,0,0,0,0,0,0
"CASTLEBOUND Act II Part 3","BiblioMatsuri","Harry Potter - J. K. Rowling,Homestuck",English,3564,6/6,1,3,8,0,51,Teen And Up Audiences,21 Sep 2014,"Harry Potter,Draco Malfoy,Hermione Granger,Ron Weasley,Peter Pettigrew","","Major Character Death",0,0,1,0,0,0,0,0,0,0,0,0,0,0,0,0,0,0,0,0,0,0,0,0,0,0,0,0,0,0,0,0,0,0,0,0,0,0,0,0,0,0,0,0,0,0,0,0,0,0,0,0,0,0,0,0,1,1,0,0,0,0,0,0,0,0,0,0,0,0,0,0,0,0,0,0,0,0,0,0,0,0,0,0,0,0,0,0,0,0,0,0,0,0,0,0,0,0,0,0,0,0,0,0,0,0,0,0,0,0,0,0,0,0,0,0,0,0,0,0,0,0,0,0,0,0,0,0,0,0,0,0,0,0,0,0,0,0,0,0,0,0,0,0,0,0,0,0,0,0,0,0,0,0,0,0,0,0,0,0,0,0,0,0,0,0,0,0,0,0,0,0,0,0,0,0,0,0,0,0,0,0,0,0,0,0,0,0,0,0,0,0,0,0,0,0,0,0,0,0,0,0,0,0,0,0,0,0,0
"Safe in the Dark","Penkindisbestspecibus","Homestuck,Harry Potter - J. K. Rowling",English,6775,4/?,0,55,165,33,3709,Mature,26 Oct 2014,"John Egbert,Dave Strider,Jade Harley,Karkat Vantas,Gamzee Makara,Rose Lalonde,Eridan Ampora,Feferi Peixes,Sollux Captor,Aradia Megido,Tavros Nitram,Equius Zahhak,Nepeta Leijon,Kanaya Maryam,Vriska Serket,Terezi Pyrope,Dirk Strider,Jane Crocker,Jake English,Roxy Lalonde,Auto-Responder | Lil Hal","Gamzee Makara & Karkat Vantas","Graphic Depictions Of Violence,Major Character Death",0,0,1,0,0,0,0,0,0,0,0,0,0,0,0,0,0,0,0,0,0,0,0,0,0,0,0,0,0,0,0,0,0,0,0,0,0,0,0,0,0,0,0,0,0,0,0,0,0,0,0,0,0,0,0,0,0,0,1,1,1,1,1,1,1,1,0,0,0,0,0,0,0,0,0,0,0,0,0,0,0,0,0,0,0,0,0,0,0,0,0,0,0,0,0,0,0,0,0,0,0,0,0,0,0,0,0,0,0,0,0,0,0,0,0,0,0,0,0,0,0,0,0,0,0,0,0,0,0,0,0,0,0,0,0,0,0,0,0,0,0,0,0,0,0,0,0,0,0,0,0,0,0,0,0,0,0,0,0,0,0,0,0,0,0,0,0,0,0,0,0,0,0,0,0,0,0,0,0,0,0,0,0,0,0,0,0,0,0,0,0,0,0,0,0,0,0,0,0,0,0,0,0,0,0,0,0,0,0
"Dave Strider and the Stiller Shades","","Homestuck,Harry Potter - Fandom",English,1262,1/2,1,3,20,1,529,Teen And Up Audiences,19 Mar 2014,"Dave Strider,Jade Harley,Rose Lalonde,John Egbert,Karkat Vantas,Dirk Strider,Bro (Homestuck),Ms. Paint,Peregrine Mendicant,Jack Noir,Mom (Homestuck),Mom | Roxy Lalonde","","No Archive Warnings Apply",0,0,0,0,0,0,0,0,0,0,0,0,0,0,0,0,0,0,0,0,0,0,0,0,0,0,0,0,0,0,0,0,0,0,0,0,0,0,0,0,0,0,0,0,0,0,0,0,0,0,0,0,0,0,0,0,0,0,0,0,0,0,0,0,0,0,1,1,1,1,1,0,0,0,0,0,0,0,0,0,0,0,0,0,0,0,0,0,0,0,0,0,0,0,0,0,0,0,0,0,0,0,0,0,0,0,0,0,0,0,0,0,0,0,0,0,0,0,0,0,0,0,0,0,0,0,0,0,0,0,0,0,0,0,0,0,0,0,0,0,0,0,0,0,0,0,0,0,0,0,0,0,0,0,0,0,0,0,0,0,0,0,0,0,0,0,0,0,0,0,0,0,0,0,0,0,0,0,0,0,0,0,0,0,0,0,0,0,0,0,0,0,0,0,0,0,0,0,0,0,0,0,0,0,0,0,0,0,0
"A Mustache?!","WitchTiara","Homestuck,Harry Potter - J. K. Rowling",English,1387,1/1,0,0,3,0,154,General Audiences,16 Oct 2014,"Nepeta Leijon,Rose Lalonde,Vriska Serket,Equius Zahhak","Rose Lalonde/Vriska Serket,Rose Lalonde/Nepeta Leijon,Nepeta Leijon/Vriska Serket,Rose Lalonde/Nepeta Leijon/Vriska Serket,Nepeta Leijon/Equius Zahhak","No Archive Warnings Apply",0,0,0,0,0,0,0,0,0,0,0,0,0,0,0,0,0,0,0,0,0,0,0,0,0,0,0,0,0,0,0,0,0,0,0,0,0,0,0,0,0,0,0,0,0,0,0,0,0,0,0,0,0,0,0,0,0,0,0,0,0,0,0,0,0,0,0,0,0,0,0,1,1,0,0,0,0,0,0,0,0,0,0,0,0,0,0,0,0,0,0,0,0,0,0,0,0,0,0,0,0,0,0,0,0,0,0,0,0,0,0,0,0,0,0,0,0,0,0,0,0,0,0,0,0,0,0,0,0,0,0,0,0,0,0,0,0,0,0,0,0,0,0,0,0,0,0,0,0,0,0,0,0,0,0,0,0,0,0,0,0,0,0,0,0,0,0,0,0,0,0,0,0,0,0,0,0,0,0,0,0,0,0,0,0,0,0,0,0,0,0,0,0,0,0,0,0,0,0,0,0,0,0,0,0,0,0,0,0
"You're a Wizard, Eri","MacaroniSwirls (orphan_account)","Homestuck,Harry Potter - J. K. Rowling",English,5648,4/?,0,39,63,17,1463,Not Rated,17 May 2011,"Eridan Ampora","","Creator Chose Not To Use Archive Warnings",0,0,0,0,0,0,0,0,0,0,0,0,0,0,0,0,0,0,0,0,0,0,0,0,0,0,0,0,0,0,0,0,0,0,0,0,0,0,0,0,0,0,0,0,0,0,0,0,0,0,0,0,0,0,0,0,0,0,0,0,0,0,0,0,0,0,0,0,0,0,0,0,0,1,0,0,0,0,0,0,0,0,0,0,0,0,0,0,0,0,0,0,0,0,0,0,0,0,0,0,0,0,0,0,0,0,0,0,0,0,0,0,0,0,0,0,0,0,0,0,0,0,0,0,0,0,0,0,0,0,0,0,0,0,0,0,0,0,0,0,0,0,0,0,0,0,0,0,0,0,0,0,0,0,0,0,0,0,0,0,0,0,0,0,0,0,0,0,0,0,0,0,0,0,0,0,0,0,0,0,0,0,0,0,0,0,0,0,0,0,0,0,0,0,0,0,0,0,0,0,0,0,0,0,0,0,0,0,0
"Beacon Hill Enterprise Academy for Gifted Youngsters","TooKawaii","Walking Dead (TV),The Wolf Among Us,Merlin (TV),Teen Wolf (TV),Doctor Who,Pocket Monsters | Pokemon - All Media Types,Homestuck,Supernatural,Criminal Minds,Harry Potter - J. K. Rowling,Adventure Time,Naruto,Game of Thrones (TV),Digimon - All Media Types,The Bible,CSI: Crime Scene Investigation,Nicholas Cage - Fandom,Psych,DC Comics,Thor - All Media Types,Marvel Comics - Fandom,Warriors - Erin Hunter,Guardians of Ga'hoole - Kathryn Lasky,Winnie The Pooh,Dragon Tales,Sesame Street (TV),Arthur (TV),Kim Possible (Cartoon),Xiaolin Showdown (Cartoon),NCIS,slenderman - Fandom,Rooster Teeth/Achievement Hunter RPF,Hunger Games Series - All Media Types,Sherlock (TV),Sherlock Holmes (Downey films),The Great Mouse Detective (1986),Elementary (TV),Star Trek,Avatar: The Last Airbender,Avatar: Legend of Korra,Star Wars - All Media Types,TMNT (2007),Scooby Doo - All Media Types,Young Justice (Cartoon),Teen Titans (Animated Series),Assassin's Creed,Emergency!,Archer (Cartoon),Bones (TV),Transformers - All Media Types,Friends,Ice Age (Movies),Sabrina the Teenage Witch (TV),Scrubs,House M.D.,Sailor Moon - All Media Types,Fullmetal Alchemist,Shingeki no Kyojin | Attack on Titan,Boy Meets World,Drake & Josh,Mahou Shoujo Madoka Magika | Puella Magi Madoka Magica,Free!,Heavy Rain",English,4301,2/?,0,47,37,12,3036,Mature,21 May 2014,"Carl Grimes,Merlin (Merlin),Arthur Pendragon (Merlin),Gwen (Merlin),Stiles Stilinski,Scott McCall,Allison Argent,Lydia Martin,Derek Hale,Bigby Wolf (Fables - Willingham),The Doctor (Doctor Who),Hitokage | Charmander,Fushigidane | Bulbasaur,Zenigame | Squirtle,Dean Winchester,Sam Winchester,Castiel,Draco Malfoy,Harry Potter,Ron Weasley,Princess Bubblegum,Marceline (Adventure Time),Joffrey Baratheon,Jesus Christ,Shawn Spencer,Burton 'Gus' Guster,Carlton Lassiter,Juliet O'Hara,Ziva David,Anthony DiNozzo,Timothy McGee,Jethro Gibbs,Abby Sciuto,Nick Cage - Character,Mel Gibson,Thor,Loki (Marvel),Tony Stark,Steve Rogers,Fallen Leaves (Warriors),Jayfeather (Warriors),Tigerstar (Warriors),Emmy (Dragon Tales),Max (Dragon Tales),Ord (Dragon Tales),Cassie (Dragon Tales),Zak (Dragon Tales),Wheezie (Dragon Tales),Slenderman,Reader,Ron Stoppable,Kim Possible,Oscar the Grouch,Big Bird,Buster Baxter,Francine Frensky,Arthur Timothy Read,Nick Stokes,Warrick Brown,Gil Grissom,Greg Sanders,Sherlock Holmes,Basil of Baker Street,Joan Watson,John Watson,Dr David Q. Dawson,James T. Kirk,Spock,Enterprise - Character,Aang,Katara,Korra,Chewbacca,R2D2,C3PO,Leonardo (TMNT),Michelangelo (TMNT),Raphael (TMNT),Donatello (TMNT),Katniss Everdeen,Finnick Odair,Peeta Mellark,Dick Grayson,Wally West,Rachael Roth,Kori'ander,Artemis Crock,Bruce Wayne,Garfield Logan,Victor Stone,Kaldur'ahm,Lex Luthor,Clark Kent,Connor Kent,Tim Drake,Edward Elric,Roy Mustang,John "JD" Dorian,Christopher Turk,Sid (Ice Age),Diego (Ice Age),Manny (Ice Age),Tsukino Usagi | Sailor Moon,Chiba Mamoru | Tuxedo Kamen,Drake Parker (Drake & Josh),Josh Nichols,Gavin Free,Michael Jones,Ray Narvaez Jr,Optimus Prime,Megatron (Transformers),Starscream (Transformers),Sterling Archer,Lana Kane,Cyril Figgis,Nanase Haruka,Tachibana Makoto,Hazuki Nagisa,Ryuugazaki Rei,Matsuoka Rin,Rin (InuYasha),Rose Lalonde,Kanaya Maryam,Spencer Reid,Derek Morgan,Aaron Hotchner,Ethan Mars,Moses,Noah,Akemi Homura,Roy DeSoto","Carl Grimes/Original Male Character(s),Merlin/Arthur Pendragon (Merlin),Gwen/Arthur Pendragon (Merlin),Scott McCall/Stiles Stilinski,Derek Hale/Stiles Stilinski,Lydia Martin/Stiles Stilinski,Allison Argent/Scott McCall,Jesus Christ/Derek Hale,Derek Hale/his camero,Derek Hale/his house,Charmander/Bulbasaur,Castiel/Dean Winchester,Loki/Thor,Princess Bubblegum/Marceline,Rose Lalonde/Kanaya Maryam,Burton Guster/Shawn Spencer,Timothy McGee/Abby Sciuto,Mel Gibson/ Cassie (Dragon Tales),Slenderman/Reader,Tigerstar/Jayfeather,Warrick Brown/Nick Stokes,Arthur Timothy Read/Buster Baxter,James T. Kirk/USS Enterprise,Sherlock Holmes/John Watson,Sherlock Holmes/Joan Watson,Clark Kent/Lex Luthor,Conner Kent/Tim Drake,Sid/Diego,Drake/Josh,Aaron Hotchner/Spencer Reid,Derek Morgan/Spencer Reid,Optimus Prime/Megatron,Optimus Prime/Starscream,Finnick Odair/water,Nanase Haruka/Finnick Odair/Water","Creator Chose Not To Use Archive Warnings",0,0,0,0,0,0,0,0,0,0,0,0,0,0,0,0,0,0,0,0,0,0,0,0,0,0,0,0,0,0,0,0,0,0,0,0,0,0,0,0,0,0,0,0,0,0,0,0,0,0,0,0,0,0,0,0,0,0,0,0,0,0,0,0,0,0,0,0,0,0,0,0,0,0,1,1,1,1,0,0,0,0,0,0,0,0,0,0,0,0,0,0,0,0,0,0,0,0,0,0,0,0,0,0,0,0,0,0,0,0,0,0,0,0,0,0,0,0,0,0,0,0,0,0,0,0,0,0,0,0,0,0,0,0,0,0,0,0,0,0,0,0,0,0,0,0,0,0,0,0,0,0,0,0,0,0,0,0,0,0,0,0,0,0,0,0,0,0,0,0,0,0,0,0,0,0,0,0,0,0,0,0,0,0,0,0,0,0,0,0,0,0,0,0,0,0,0,0,0,0,0,0,0,0,0,0,0,0,0
"bet your bottom we at hogwarts","PondRam","Homestuck,Harry Potter - J. K. Rowling",English,624,1/?,0,1,10,0,100,Not Rated, 5 Jul 2014,"John Egbert,Dave Strider,Rose Lalonde,Jade Harley,will add more characters as story progresses","John Egbert/Dave Strider,Terezi Pyrope/Karkat Vantas,John Egbert ♦ Rose Lalonde,Dave Strider ♦ Jade Harley","Creator Chose Not To Use Archive Warnings",0,0,0,0,0,0,0,0,0,0,0,0,0,0,0,0,0,0,0,0,0,0,0,0,0,0,0,0,0,0,0,0,0,0,0,0,0,0,0,0,0,0,0,0,0,0,0,0,0,0,0,0,0,0,0,0,0,0,0,0,0,0,0,0,0,0,0,0,0,0,0,0,0,0,0,0,0,0,1,1,1,0,0,0,0,0,0,0,0,0,0,0,0,0,0,0,0,0,0,0,0,0,0,0,0,0,0,0,0,0,0,0,0,0,0,0,0,0,0,0,0,0,0,0,0,0,0,0,0,0,0,0,0,0,0,0,0,0,0,0,0,0,0,0,0,0,0,0,0,0,0,0,0,0,0,0,0,0,0,0,0,0,0,0,0,0,0,0,0,0,0,0,0,0,0,0,0,0,0,0,0,0,0,0,0,0,0,0,0,0,0,0,0,0,0,0,0,0,0,0,0,0,0,0,0,0,0,0,0
"Drunk Dialed","gooberAscendant","Homestuck,Harry Potter - J. K. Rowling",English,443,1/1,0,0,6,0,73,Teen And Up Audiences,13 Aug 2014,"Roxy Lalonde,Jade Harley","Jade Harley/Roxy Lalonde","No Archive Warnings Apply",0,0,0,0,0,0,0,0,0,0,0,0,0,0,0,0,0,0,0,0,0,0,0,0,0,0,0,0,0,0,0,0,0,0,0,0,0,0,0,0,0,0,0,0,0,0,0,0,0,0,0,0,0,0,0,0,0,0,0,0,0,0,0,0,0,0,0,0,0,0,0,0,0,0,0,0,0,0,0,0,0,1,0,0,0,0,0,0,0,0,0,0,0,0,0,0,0,0,0,0,0,0,0,0,0,0,0,0,0,0,0,0,0,0,0,0,0,0,0,0,0,0,0,0,0,0,0,0,0,0,0,0,0,0,0,0,0,0,0,0,0,0,0,0,0,0,0,0,0,0,0,0,0,0,0,0,0,0,0,0,0,0,0,0,0,0,0,0,0,0,0,0,0,0,0,0,0,0,0,0,0,0,0,0,0,0,0,0,0,0,0,0,0,0,0,0,0,0,0,0,0,0,0,0,0,0,0,0,0
"Castlestuck","MKwitch","Harry Potter - J. K. Rowling,Homestuck",English,1538,4/?,0,3,8,0,562,General Audiences,18 Jan 2013,"Harry Potter,Lily Evans,James Potter,Jack Noir","","Creator Chose Not To Use Archive Warnings,No Archive Warnings Apply",0,0,0,0,0,0,0,0,0,0,0,0,0,0,0,0,0,0,0,0,0,0,0,0,0,0,0,0,0,0,0,0,0,0,0,0,0,0,0,0,0,0,0,0,0,0,0,0,0,0,0,0,0,0,0,0,0,0,0,0,0,0,0,0,0,0,0,0,0,0,0,0,0,0,0,0,0,0,0,0,0,0,1,1,0,0,0,0,0,0,0,0,0,0,0,0,0,0,0,0,0,0,0,0,0,0,0,0,0,0,0,0,0,0,0,0,0,0,0,0,0,0,0,0,0,0,0,0,0,0,0,0,0,0,0,0,0,0,0,0,0,0,0,0,0,0,0,0,0,0,0,0,0,0,0,0,0,0,0,0,0,0,0,0,0,0,0,0,0,0,0,0,0,0,0,0,0,0,0,0,0,0,0,0,0,0,0,0,0,0,0,0,0,0,0,0,0,0,0,0,0,0,0,0,0,0,0,0,0
"Potterstuck [Where A Crossover Becomes Homestuck] {Logs}","TwinKats","Harry Potter - Fandom,Homestuck",English,1266,4/?,0,0,0,0,299,Not Rated, 2 Dec 2013,"Frank Longbottom,Lucius Malfoy,Lucius Liddel,Selene Lovegood,Selene Malfoy,James Potter,James Granger,lily evens,Lily Prewett,Fabian Prewett,Gideon Prewett,Arianna Dumbledore","","Creator Chose Not To Use Archive Warnings",0,0,0,0,0,0,0,0,0,0,0,0,0,0,0,0,0,0,0,0,0,0,0,0,0,0,0,0,0,0,0,0,0,0,0,0,0,0,0,0,0,0,0,0,0,0,0,0,0,0,0,0,0,0,0,0,0,0,0,0,0,0,0,0,0,0,0,0,0,0,0,0,0,0,0,0,0,0,0,0,0,0,0,0,1,1,1,1,1,0,0,0,0,0,0,0,0,0,0,0,0,0,0,0,0,0,0,0,0,0,0,0,0,0,0,0,0,0,0,0,0,0,0,0,0,0,0,0,0,0,0,0,0,0,0,0,0,0,0,0,0,0,0,0,0,0,0,0,0,0,0,0,0,0,0,0,0,0,0,0,0,0,0,0,0,0,0,0,0,0,0,0,0,0,0,0,0,0,0,0,0,0,0,0,0,0,0,0,0,0,0,0,0,0,0,0,0,0,0,0,0,0,0,0,0,0,0,0,0
"Dave Strider and the Stiller Shades","","Homestuck,Harry Potter - Fandom",English,1262,1/2,1,3,20,1,529,Teen And Up Audiences,19 Mar 2014,"Dave Strider,Jade Harley,Rose Lalonde,John Egbert,Karkat Vantas,Dirk Strider,Bro (Homestuck),Ms. Paint,Peregrine Mendicant,Jack Noir,Mom (Homestuck),Mom | Roxy Lalonde","","No Archive Warnings Apply",0,0,0,0,0,0,0,0,0,0,0,0,0,0,0,0,0,0,0,0,0,0,0,0,0,0,0,0,0,0,0,0,0,0,0,0,0,0,0,0,0,0,0,0,0,0,0,0,0,0,0,0,0,0,0,0,0,0,0,0,0,0,0,0,0,0,1,1,1,1,1,0,0,0,0,0,0,0,0,0,0,0,0,0,0,0,0,0,0,0,0,0,0,0,0,0,0,0,0,0,0,0,0,0,0,0,0,0,0,0,0,0,0,0,0,0,0,0,0,0,0,0,0,0,0,0,0,0,0,0,0,0,0,0,0,0,0,0,0,0,0,0,0,0,0,0,0,0,0,0,0,0,0,0,0,0,0,0,0,0,0,0,0,0,0,0,0,0,0,0,0,0,0,0,0,0,0,0,0,0,0,0,0,0,0,0,0,0,0,0,0,0,0,0,0,0,0,0,0,0,0,0,0,0,0,0,0,0,0
"A Mustache?!","WitchTiara","Homestuck,Harry Potter - J. K. Rowling",English,1387,1/1,0,0,3,0,154,General Audiences,16 Oct 2014,"Nepeta Leijon,Rose Lalonde,Vriska Serket,Equius Zahhak","Rose Lalonde/Vriska Serket,Rose Lalonde/Nepeta Leijon,Nepeta Leijon/Vriska Serket,Rose Lalonde/Nepeta Leijon/Vriska Serket,Nepeta Leijon/Equius Zahhak","No Archive Warnings Apply",0,0,0,0,0,0,0,0,0,0,0,0,0,0,0,0,0,0,0,0,0,0,0,0,0,0,0,0,0,0,0,0,0,0,0,0,0,0,0,0,0,0,0,0,0,0,0,0,0,0,0,0,0,0,0,0,0,0,0,0,0,0,0,0,0,0,0,0,0,0,0,1,1,0,0,0,0,0,0,0,0,0,0,0,0,0,0,0,0,0,0,0,0,0,0,0,0,0,0,0,0,0,0,0,0,0,0,0,0,0,0,0,0,0,0,0,0,0,0,0,0,0,0,0,0,0,0,0,0,0,0,0,0,0,0,0,0,0,0,0,0,0,0,0,0,0,0,0,0,0,0,0,0,0,0,0,0,0,0,0,0,0,0,0,0,0,0,0,0,0,0,0,0,0,0,0,0,0,0,0,0,0,0,0,0,0,0,0,0,0,0,0,0,0,0,0,0,0,0,0,0,0,0,0,0,0,0,0,0
"Safe in the Dark","Penkindisbestspecibus","Homestuck,Harry Potter - J. K. Rowling",English,6775,4/?,0,55,165,33,3709,Mature,26 Oct 2014,"John Egbert,Dave Strider,Jade Harley,Karkat Vantas,Gamzee Makara,Rose Lalonde,Eridan Ampora,Feferi Peixes,Sollux Captor,Aradia Megido,Tavros Nitram,Equius Zahhak,Nepeta Leijon,Kanaya Maryam,Vriska Serket,Terezi Pyrope,Dirk Strider,Jane Crocker,Jake English,Roxy Lalonde,Auto-Responder | Lil Hal","Gamzee Makara & Karkat Vantas","Graphic Depictions Of Violence,Major Character Death",0,0,1,0,0,0,0,0,0,0,0,0,0,0,0,0,0,0,0,0,0,0,0,0,0,0,0,0,0,0,0,0,0,0,0,0,0,0,0,0,0,0,0,0,0,0,0,0,0,0,0,0,0,0,0,0,0,0,1,1,1,1,1,1,1,1,0,0,0,0,0,0,0,0,0,0,0,0,0,0,0,0,0,0,0,0,0,0,0,0,0,0,0,0,0,0,0,0,0,0,0,0,0,0,0,0,0,0,0,0,0,0,0,0,0,0,0,0,0,0,0,0,0,0,0,0,0,0,0,0,0,0,0,0,0,0,0,0,0,0,0,0,0,0,0,0,0,0,0,0,0,0,0,0,0,0,0,0,0,0,0,0,0,0,0,0,0,0,0,0,0,0,0,0,0,0,0,0,0,0,0,0,0,0,0,0,0,0,0,0,0,0,0,0,0,0,0,0,0,0,0,0,0,0,0,0,0,0,0
"Beacon Hill Enterprise Academy for Gifted Youngsters","TooKawaii","Walking Dead (TV),The Wolf Among Us,Merlin (TV),Teen Wolf (TV),Doctor Who,Pocket Monsters | Pokemon - All Media Types,Homestuck,Supernatural,Criminal Minds,Harry Potter - J. K. Rowling,Adventure Time,Naruto,Game of Thrones (TV),Digimon - All Media Types,The Bible,CSI: Crime Scene Investigation,Nicholas Cage - Fandom,Psych,DC Comics,Thor - All Media Types,Marvel Comics - Fandom,Warriors - Erin Hunter,Guardians of Ga'hoole - Kathryn Lasky,Winnie The Pooh,Dragon Tales,Sesame Street (TV),Arthur (TV),Kim Possible (Cartoon),Xiaolin Showdown (Cartoon),NCIS,slenderman - Fandom,Rooster Teeth/Achievement Hunter RPF,Hunger Games Series - All Media Types,Sherlock (TV),Sherlock Holmes (Downey films),The Great Mouse Detective (1986),Elementary (TV),Star Trek,Avatar: The Last Airbender,Avatar: Legend of Korra,Star Wars - All Media Types,TMNT (2007),Scooby Doo - All Media Types,Young Justice (Cartoon),Teen Titans (Animated Series),Assassin's Creed,Emergency!,Archer (Cartoon),Bones (TV),Transformers - All Media Types,Friends,Ice Age (Movies),Sabrina the Teenage Witch (TV),Scrubs,House M.D.,Sailor Moon - All Media Types,Fullmetal Alchemist,Shingeki no Kyojin | Attack on Titan,Boy Meets World,Drake & Josh,Mahou Shoujo Madoka Magika | Puella Magi Madoka Magica,Free!,Heavy Rain",English,4301,2/?,0,47,37,12,3036,Mature,21 May 2014,"Carl Grimes,Merlin (Merlin),Arthur Pendragon (Merlin),Gwen (Merlin),Stiles Stilinski,Scott McCall,Allison Argent,Lydia Martin,Derek Hale,Bigby Wolf (Fables - Willingham),The Doctor (Doctor Who),Hitokage | Charmander,Fushigidane | Bulbasaur,Zenigame | Squirtle,Dean Winchester,Sam Winchester,Castiel,Draco Malfoy,Harry Potter,Ron Weasley,Princess Bubblegum,Marceline (Adventure Time),Joffrey Baratheon,Jesus Christ,Shawn Spencer,Burton 'Gus' Guster,Carlton Lassiter,Juliet O'Hara,Ziva David,Anthony DiNozzo,Timothy McGee,Jethro Gibbs,Abby Sciuto,Nick Cage - Character,Mel Gibson,Thor,Loki (Marvel),Tony Stark,Steve Rogers,Fallen Leaves (Warriors),Jayfeather (Warriors),Tigerstar (Warriors),Emmy (Dragon Tales),Max (Dragon Tales),Ord (Dragon Tales),Cassie (Dragon Tales),Zak (Dragon Tales),Wheezie (Dragon Tales),Slenderman,Reader,Ron Stoppable,Kim Possible,Oscar the Grouch,Big Bird,Buster Baxter,Francine Frensky,Arthur Timothy Read,Nick Stokes,Warrick Brown,Gil Grissom,Greg Sanders,Sherlock Holmes,Basil of Baker Street,Joan Watson,John Watson,Dr David Q. Dawson,James T. Kirk,Spock,Enterprise - Character,Aang,Katara,Korra,Chewbacca,R2D2,C3PO,Leonardo (TMNT),Michelangelo (TMNT),Raphael (TMNT),Donatello (TMNT),Katniss Everdeen,Finnick Odair,Peeta Mellark,Dick Grayson,Wally West,Rachael Roth,Kori'ander,Artemis Crock,Bruce Wayne,Garfield Logan,Victor Stone,Kaldur'ahm,Lex Luthor,Clark Kent,Connor Kent,Tim Drake,Edward Elric,Roy Mustang,John "JD" Dorian,Christopher Turk,Sid (Ice Age),Diego (Ice Age),Manny (Ice Age),Tsukino Usagi | Sailor Moon,Chiba Mamoru | Tuxedo Kamen,Drake Parker (Drake & Josh),Josh Nichols,Gavin Free,Michael Jones,Ray Narvaez Jr,Optimus Prime,Megatron (Transformers),Starscream (Transformers),Sterling Archer,Lana Kane,Cyril Figgis,Nanase Haruka,Tachibana Makoto,Hazuki Nagisa,Ryuugazaki Rei,Matsuoka Rin,Rin (InuYasha),Rose Lalonde,Kanaya Maryam,Spencer Reid,Derek Morgan,Aaron Hotchner,Ethan Mars,Moses,Noah,Akemi Homura,Roy DeSoto","Carl Grimes/Original Male Character(s),Merlin/Arthur Pendragon (Merlin),Gwen/Arthur Pendragon (Merlin),Scott McCall/Stiles Stilinski,Derek Hale/Stiles Stilinski,Lydia Martin/Stiles Stilinski,Allison Argent/Scott McCall,Jesus Christ/Derek Hale,Derek Hale/his camero,Derek Hale/his house,Charmander/Bulbasaur,Castiel/Dean Winchester,Loki/Thor,Princess Bubblegum/Marceline,Rose Lalonde/Kanaya Maryam,Burton Guster/Shawn Spencer,Timothy McGee/Abby Sciuto,Mel Gibson/ Cassie (Dragon Tales),Slenderman/Reader,Tigerstar/Jayfeather,Warrick Brown/Nick Stokes,Arthur Timothy Read/Buster Baxter,James T. Kirk/USS Enterprise,Sherlock Holmes/John Watson,Sherlock Holmes/Joan Watson,Clark Kent/Lex Luthor,Conner Kent/Tim Drake,Sid/Diego,Drake/Josh,Aaron Hotchner/Spencer Reid,Derek Morgan/Spencer Reid,Optimus Prime/Megatron,Optimus Prime/Starscream,Finnick Odair/water,Nanase Haruka/Finnick Odair/Water","Creator Chose Not To Use Archive Warnings",0,0,0,0,0,0,0,0,0,0,0,0,0,0,0,0,0,0,0,0,0,0,0,0,0,0,0,0,0,0,0,0,0,0,0,0,0,0,0,0,0,0,0,0,0,0,0,0,0,0,0,0,0,0,0,0,0,0,0,0,0,0,0,0,0,0,0,0,0,0,0,0,0,0,1,1,1,1,0,0,0,0,0,0,0,0,0,0,0,0,0,0,0,0,0,0,0,0,0,0,0,0,0,0,0,0,0,0,0,0,0,0,0,0,0,0,0,0,0,0,0,0,0,0,0,0,0,0,0,0,0,0,0,0,0,0,0,0,0,0,0,0,0,0,0,0,0,0,0,0,0,0,0,0,0,0,0,0,0,0,0,0,0,0,0,0,0,0,0,0,0,0,0,0,0,0,0,0,0,0,0,0,0,0,0,0,0,0,0,0,0,0,0,0,0,0,0,0,0,0,0,0,0,0,0,0,0,0,0
"Good Luck","whenyouheldtheknife","Homestuck,Harry Potter - J. K. Rowling",English,2093,1/1,0,1,23,1,506,Teen And Up Audiences,21 Feb 2013,"John Egbert,Dave Strider,Rose Lalonde","John Egbert/Dave Strider","No Archive Warnings Apply",1,1,1,1,1,1,1,0,0,0,0,0,0,0,0,0,0,0,0,0,0,0,0,0,0,0,0,0,0,0,0,0,0,0,0,0,0,0,0,0,0,0,0,0,0,0,0,0,0,0,0,0,0,0,0,0,0,0,0,0,0,0,0,0,0,0,0,0,0,0,0,0,0,0,0,0,0,0,0,0,0,0,0,0,0,0,0,0,0,0,0,0,0,0,0,0,0,0,0,0,0,0,0,0,0,0,0,0,0,0,0,0,0,0,0,0,0,0,0,0,0,0,0,0,0,0,0,0,0,0,0,0,0,0,0,0,0,0,0,0,0,0,0,0,0,0,0,0,0,0,0,0,0,0,0,0,0,0,0,0,0,0,0,0,0,0,0,0,0,0,0,0,0,0,0,0,0,0,0,0,0,0,0,0,0,0,0,0,0,0,0,0,0,0,0,0,0,0,0,0,0,0,0,0,0,0,0,0,0
"Castle Bound","Mogseltof","Homestuck,Harry Potter - J. K. Rowling",English,6098,2/?,0,3,22,4,388,Teen And Up Audiences,17 Dec 2014,"John Egbert,Dave Strider,Rose Lalonde,Jade Harley,Vriska Serket,Ensemble,Jane Crocker,Jake English,Roxy Lalonde,Dirk Strider,Meulin Leijon,Feferi Peixes,Severus Snape,Minerva McGonagall,Latula Pyrope,Karkat Vantas,Gamzee Makara,Kanaya Maryam,Terezi Pyrope,Sybil Trelawney","","No Archive Warnings Apply",0,0,1,0,0,0,0,1,0,0,0,0,0,0,0,0,1,1,0,0,0,0,0,0,0,0,0,0,0,0,0,0,0,0,0,0,0,0,0,0,0,0,0,0,0,0,0,0,0,0,0,0,0,0,0,0,0,0,0,0,0,0,0,0,0,0,0,0,0,0,0,0,0,0,0,0,0,0,0,0,0,0,0,0,0,0,0,0,0,1,1,0,0,0,0,0,0,0,0,0,0,0,0,0,0,0,0,0,0,0,0,0,0,0,0,0,0,0,0,0,0,0,0,0,0,0,0,0,0,0,0,0,0,0,0,0,0,0,0,0,0,0,0,0,0,0,0,0,0,0,0,0,0,0,0,0,0,0,0,0,0,0,0,0,0,0,0,0,0,0,0,0,0,0,0,0,0,0,0,0,0,0,0,0,0,0,0,0,0,0,0,0,0,0,0,0,0,0,0,0,0,0,0,0,0,0,0,0,0
"Marauders' Trail","draconicAlgorithm (PhantomSunsSong)","Homestuck,Harry Potter - J. K. Rowling",English,7209,3/?,0,0,30,5,1107,Teen And Up Audiences, 1 Mar 2012,"Nepeta Leijon,Rose Lalonde,Jade Harley,Terezi Pyrope","","No Archive Warnings Apply",0,0,0,0,0,0,0,0,0,0,0,0,0,0,0,0,0,0,0,0,0,0,0,0,0,0,0,0,0,0,0,0,0,0,0,0,0,0,0,0,0,0,0,0,0,0,0,0,0,0,0,0,0,0,0,0,0,0,0,0,0,0,0,0,0,0,0,0,0,0,0,0,0,0,0,0,0,0,0,0,0,0,0,0,0,0,0,0,0,0,0,1,1,0,0,0,0,0,0,0,0,0,0,0,0,0,0,0,0,0,0,0,0,0,0,0,0,0,0,0,0,0,0,0,0,0,0,0,0,0,0,0,0,0,0,0,0,0,0,0,0,0,0,0,0,0,0,0,0,0,0,0,0,0,0,0,0,0,0,0,0,0,0,0,0,0,0,0,0,0,0,0,0,0,0,0,0,0,0,0,0,0,0,0,0,0,0,0,0,0,0,0,0,0,0,0,0,0,0,0,0,0,0,0,0,0,0,0,0
"I'll chase right after you; You are my golden snitch.","enchanted_book","Homestuck,Harry Potter - J. K. Rowling",English,4274,7/?,0,4,36,2,932,Explicit, 5 Jun 2014,"John Egbert,Dave Strider,Rose Lalonde,Kanaya Maryam,Vriska Serket,Jade Harley,Karkat Vantas","John Egbert/Dave Strider,Rose Lalonde/Kanaya Maryam,Jade Harley/Karkat Vantas","Underage",0,0,0,0,0,0,0,0,0,0,0,0,0,0,0,0,0,0,0,0,0,0,0,0,0,0,0,0,0,0,0,0,0,0,0,0,0,0,0,0,0,0,0,0,0,0,0,0,0,0,0,0,0,0,0,0,0,0,0,0,0,0,0,0,0,0,1,0,0,0,0,0,0,0,0,0,0,0,0,0,0,0,0,0,0,0,0,0,0,0,0,0,0,1,1,1,1,1,0,0,0,0,0,0,0,0,0,0,0,0,0,0,0,0,0,0,0,0,0,0,0,0,0,0,0,0,0,0,0,0,0,0,0,0,0,0,0,0,0,0,0,0,0,0,0,0,0,0,0,0,0,0,0,0,0,0,0,0,0,0,0,0,0,0,0,0,0,0,0,0,0,0,0,0,0,0,0,0,0,0,0,0,0,0,0,0,0,0,0,0,0,0,0,0,0,0,0,0,0,0,0,0,0,0,0,0,0,0,0
"Love Potion Mishaps","snowchildhero","Homestuck,Harry Potter - J. K. Rowling",English,2388,1/1,0,2,56,6,1243,Teen And Up Audiences,12 Jul 2013,"Cronus Ampora,Kankri Vantas,Aranea Serket","Cronus Ampora/Kankri Vantas,Cronus Ampora & Kankri Vantas","Creator Chose Not To Use Archive Warnings",0,0,0,0,0,0,0,0,0,0,0,0,0,0,0,0,0,0,0,0,0,0,0,0,0,0,0,0,0,0,0,0,0,0,0,0,0,0,0,0,0,0,0,0,0,0,0,0,0,0,0,0,0,0,0,0,0,0,0,0,0,0,0,0,0,0,1,0,0,0,0,0,0,0,0,0,0,0,0,0,0,0,0,0,0,0,0,0,0,0,0,0,0,0,0,0,0,0,0,0,0,0,0,0,0,0,0,0,0,0,0,0,0,0,0,0,0,0,0,0,0,0,0,0,0,0,0,0,0,0,0,0,0,0,0,0,0,0,0,0,0,0,0,0,0,0,0,0,0,0,0,0,0,0,0,0,0,0,0,0,0,0,0,0,0,0,0,0,0,0,0,0,0,0,0,0,0,0,0,0,0,0,0,0,0,0,0,0,0,0,0,0,0,0,0,0,0,0,0,0,0,0,0,0,0,0,0,0,0
"Breaking Prisoner of Mockingjaystuck","IDRINKDEMONZBLOOD","Harry Potter - J. K. Rowling,Hunger Games Trilogy - Suzanne Collins,Twilight Series - Stephenie Meyer,Homestuck - Andrew Hussie",English,944,2/?,0,12,6,0,183,Explicit, 1 Dec 2014,"Harry Potter,Hermione Granger,Ron Weasley,Katniss Everdeen,Peeta Mellark,Gale Hawthorne,Bella Swan,Edward Cullen,Jacob Black,Karkat Vantas,Aradia Megido,Tavros Nitram,Sollux Captor,Nepeta Leijon,Kanaya Maryam,Terezi Pyrope,Gamzee Makara,Eridan Ampora,Feferi Peixes,John Egbert,Dave Strider,Rose Lalonde,Jade Harley,Dirk Strider,Jane Crocker,Roxy Lalonde,Jake English,Kankri Vantas,Damara Megido,Rufioh Nitram,Mituna Captor,Meulin Leijon,Porrim Maryam,Latula Pyrope,Aranea Serket,Horrus Zahhak,Kurloz Makara,Cronus Ampora,Meenah Peixes,OCs,Draco Malfoy,Vriska Serket","","Graphic Depictions Of Violence,Major Character Death,Rape/Non-Con,Underage",0,0,0,0,0,0,0,0,0,0,1,0,0,0,0,0,0,0,0,0,0,0,0,0,0,0,0,0,0,0,0,0,0,0,0,0,0,0,0,0,0,0,0,0,0,0,0,0,0,0,0,0,0,0,0,0,0,0,0,0,0,0,0,0,0,0,0,1,1,0,0,0,0,0,0,0,0,0,0,0,0,0,0,0,0,0,0,0,0,0,0,0,0,0,0,0,0,0,1,1,1,1,1,1,1,1,1,1,1,1,1,1,1,1,1,1,1,1,0,0,0,0,0,0,0,0,0,0,0,0,0,0,0,0,0,0,0,0,0,0,0,0,0,0,0,0,0,0,0,0,0,0,0,0,0,0,0,0,0,0,0,0,0,0,0,0,0,0,0,0,0,0,0,0,0,0,0,0,0,0,0,0,0,0,0,0,0,0,0,0,0,0,0,0,0,0,0,0,0,0,0,0,0,0,0,0,0,0,0
"Did I Hit You That Hard?","duchessofwraiths,OliviaRose","Homestuck,Harry Potter - J. K. Rowling",English,1388,2/?,0,0,15,2,482,Teen And Up Audiences, 5 May 2013,"Terezi Pyrope,Sollux Captor,Karkat Vantas,Aradia Megido,Eridan Ampora,Vriska Serket,The Condesce","Karkat Vantas/Terezi Pyrope,Sollux Captor/Aradia Megido,Eridan Ampora/Sollux Captor,Terezi Pyrope/Vriska Serket","No Archive Warnings Apply",0,0,0,0,0,0,0,0,0,0,0,0,0,0,0,0,0,0,0,0,0,0,0,0,0,0,0,0,0,0,0,0,0,0,0,0,0,0,0,0,0,0,0,0,0,0,0,0,0,0,0,0,0,0,0,0,0,0,0,0,0,0,0,0,0,0,0,0,0,0,0,1,0,0,0,0,0,0,0,0,0,0,0,0,0,0,0,0,0,0,0,0,0,0,0,0,0,0,0,0,0,0,0,0,0,0,0,0,0,0,0,0,0,0,0,0,0,0,1,1,1,0,0,0,0,0,0,0,0,0,0,0,0,0,0,0,0,0,0,0,0,0,0,0,0,0,0,0,0,0,0,0,0,0,0,0,0,0,0,0,0,0,0,0,0,0,0,0,0,0,0,0,0,0,0,0,0,0,0,0,0,0,0,0,0,0,0,0,0,0,0,0,0,0,0,0,0,0,0,0,0,0,0,0,0,0,0,0,0
"A Shitty Fanfic: The (meme)quel","KomaedaClear","Hunter X Hunter,Harry Potter - Fandom,DRAMAtical Murder,Neon Genesis Evangelion,Dangan Ronpa,Homestuck,Attack on Titan",English,349,1/1,0,0,5,0,137,General Audiences,25 Jul 2014,"Luna Lovegood,Aoba Seragaki,Dirk Strider,Yasuhiro Hagakure,Komaeda Nagito,Hinata Hajime,Ikari Shinji,Kaworu Nagisa,Eren Jaeger,Killua Zoldyck,Edward Elric","","Creator Chose Not To Use Archive Warnings",0,0,0,0,0,0,0,0,0,0,0,0,0,0,0,0,0,0,0,0,0,0,0,0,0,0,0,0,0,0,0,0,0,0,0,0,0,0,0,0,0,0,0,0,0,0,0,0,0,0,0,0,0,0,0,0,0,0,0,0,0,0,0,0,0,0,0,0,0,0,0,0,0,0,0,0,0,0,0,0,0,0,0,0,0,0,0,0,0,0,0,0,0,0,0,0,0,0,0,0,0,0,0,0,0,0,0,0,0,0,0,0,0,0,0,0,0,0,0,0,0,1,1,1,0,0,0,0,0,0,0,0,0,0,0,0,0,0,0,0,0,0,0,0,0,0,0,0,0,0,0,0,0,0,0,0,0,0,0,0,0,0,0,0,0,0,0,0,0,0,0,0,0,0,0,0,0,0,0,0,0,0,0,0,0,0,0,0,0,0,0,0,0,0,0,0,0,0,0,0,0,0,0,0,0,0,0,0,0
"Thirteen Years Later...","enchanted_book","Homestuck,Harry Potter - J. K. Rowling",English,465,1/?,0,0,7,0,148,Mature,28 May 2014,"John Egbert,Dave Strider,Rose Lalonde,Casey (Homestuck)","John Egbert/Dave Strider","Creator Chose Not To Use Archive Warnings",0,0,0,0,0,0,0,0,0,0,0,0,0,0,0,0,0,0,0,0,0,0,0,0,0,0,0,0,0,0,0,0,0,0,0,0,0,0,0,0,0,0,0,0,0,0,0,0,0,0,0,0,0,0,0,0,0,0,0,0,0,0,0,0,0,0,1,0,0,0,0,0,0,0,0,0,0,0,0,0,0,0,0,0,0,0,0,0,0,0,0,0,0,0,0,0,0,0,0,0,0,0,0,0,0,0,0,0,0,0,0,0,0,0,0,0,0,0,0,0,0,0,0,0,1,1,0,0,0,0,0,0,0,0,0,0,0,0,0,0,0,0,0,0,0,0,0,0,0,0,0,0,0,0,0,0,0,0,0,0,0,0,0,0,0,0,0,0,0,0,0,0,0,0,0,0,0,0,0,0,0,0,0,0,0,0,0,0,0,0,0,0,0,0,0,0,0,0,0,0,0,0,0,0,0,0,0,0,0
"Killing Curse","VirenaSetiss","Harry Potter - J. K. Rowling,Homestuck,harry as a troll,Harry / Hermione - Pale,ignores horcruxes,prophecy still in place though",English,4012,3/?,0,0,10,4,339,Not Rated, 3 May 2014,"Harry Potter,Hermione Granger,Minerva McGonagall,Mrs Granger (Harry Potter)","","Creator Chose Not To Use Archive Warnings",0,0,0,0,0,0,0,0,0,0,0,0,0,0,0,0,0,0,0,0,0,0,0,0,0,0,0,0,0,0,0,0,0,0,0,0,0,0,0,0,0,0,0,0,0,0,0,0,0,0,0,0,0,0,0,0,0,0,0,0,0,0,0,0,0,0,0,0,0,0,0,0,0,0,0,0,0,0,0,0,0,0,0,0,0,0,0,0,0,0,0,0,0,0,0,0,0,0,0,0,0,0,0,0,0,0,0,0,0,0,0,0,0,0,0,0,0,0,0,0,0,0,0,0,0,0,0,0,0,0,0,0,0,0,0,0,0,0,0,0,0,0,0,0,0,0,0,0,0,0,0,0,0,0,0,0,0,0,0,0,0,0,0,0,0,0,0,0,0,0,0,0,0,0,0,0,0,0,0,0,0,0,0,0,0,0,0,0,0,0,0,0,0,0,0,0,0,0,0,0,0,0,0,0,0,0,0,0,0
"Beyond Lost Stars","TheLigeia,UndeadRelived","Harry Potter - J. K. Rowling,Homestuck,DCU",English,1373,1/?,0,0,2,0,66,Not Rated, 9 Jul 2014,"Tom Riddle | Voldemort,Rabastan Lestrange,Rodolphus Lestrange,Bellatrix Black Lestrange,Severus Snape,Fenrir Greyback,Lucius Malfoy,Death Eater(s)","","Creator Chose Not To Use Archive Warnings",0,0,0,0,0,0,0,1,0,0,0,0,0,0,0,0,0,0,0,0,0,0,0,0,0,0,0,0,0,0,0,0,0,0,0,0,0,0,0,0,0,0,0,0,0,0,0,0,0,0,0,0,0,0,0,0,0,0,0,0,0,0,0,0,0,0,0,0,0,0,0,0,0,0,0,0,0,0,0,0,0,0,0,0,0,0,0,0,0,0,0,0,0,0,0,0,0,0,0,0,0,0,0,0,0,0,0,0,0,0,0,0,0,0,0,0,0,0,0,0,0,0,0,0,0,0,1,1,1,1,1,1,1,1,1,1,1,1,1,0,0,0,0,0,0,0,0,0,0,0,0,0,0,0,0,0,0,0,0,0,0,0,0,0,0,0,0,0,0,0,0,0,0,0,0,0,0,0,0,0,0,0,0,0,0,0,0,0,0,0,0,0,0,0,0,0,0,0,0,0,0,0,0,0,0,0,0,0,0
"With Honey","Ryo Hoshi (Hoshi_Ryo)","Homestuck,Harry Potter - J. K. Rowling",English,1265,1/1,0,8,28,4,502,General Audiences,30 Apr 2014,"Jane Crocker,Cronus Ampora,John Egbert","Jane Crocker & Cronus Ampora","No Archive Warnings Apply",0,0,0,0,0,0,0,0,0,0,0,0,0,0,0,0,0,0,0,0,0,0,0,0,0,0,0,0,0,0,0,0,0,0,0,0,0,0,0,0,0,0,0,0,0,0,0,0,0,0,0,0,0,0,0,0,0,0,1,0,0,0,0,0,0,0,0,0,0,0,0,1,0,0,0,0,0,0,0,0,0,0,0,0,0,0,0,0,0,0,0,0,0,0,0,0,0,0,0,0,0,0,0,0,0,0,0,0,0,0,0,0,0,0,0,0,0,0,0,0,0,0,0,0,0,0,0,0,0,0,0,0,0,0,0,0,0,0,0,1,1,1,1,0,0,0,0,0,0,0,0,0,0,0,0,0,0,0,0,0,0,0,0,0,0,0,0,0,0,0,0,0,0,0,0,0,0,0,0,0,0,0,0,0,0,0,0,0,0,0,0,0,0,0,0,0,0,0,0,0,0,0,0,0,0,0,0,0,0
"Heart's Desire","xXDBJonahXx","Homestuck,Harry Potter - J. K. Rowling",English,13551,2/?,0,2,14,3,384,Mature,17 Nov 2014,"Dave Strider,Davesprite,Dirk Strider,Karkat Vantas,Gamzee Makara,Sollux Captor,Rose Lalonde,Kanaya Maryam,John Egbert,Harry Potter,Hermione Granger,Ron Weasley,Draco Malfoy,Jade Harley,Jake English,Roxy Lalonde,Jane Crocker,Aradia Megido,Terezi Pyrope,Vriska Serket,Eridan Ampora,Fleur Delacour,Viktor Krum,Fred Weasley,George Weasley,Original Female Character(s)","Dirk Strider/Davesprite/Jake English - postbreakup,Rose Lalonde/Kanaya Maryam,Gamzee Makara & Karkat Vantas","Creator Chose Not To Use Archive Warnings",0,0,0,0,0,0,0,0,0,0,0,0,0,0,0,0,0,0,0,0,0,0,0,0,0,0,0,0,0,0,0,0,0,0,0,0,0,0,0,0,0,0,0,0,0,0,0,0,0,0,0,0,0,0,0,0,0,0,0,0,0,0,0,0,0,0,0,0,0,0,0,1,0,0,0,0,0,0,0,0,0,0,0,0,0,0,0,0,0,0,0,0,0,0,0,0,0,0,0,0,0,0,0,0,0,0,0,0,0,0,0,0,0,0,0,0,0,0,0,1,1,0,0,0,0,0,0,0,0,0,0,0,0,0,0,0,1,0,0,0,0,0,0,1,1,1,1,1,1,1,1,1,1,1,0,0,0,0,0,0,0,0,0,0,0,0,0,0,0,0,0,0,0,0,0,0,0,0,0,0,0,0,0,0,0,0,0,0,0,0,0,0,0,0,0,0,0,0,0,0,0,0,0,0,0,0,0,0,0
"Weightless Sin","vedinamel","Homestuck,Harry Potter - J. K. Rowling",English,2583,1/1,0,0,15,0,412,Mature,11 Jan 2014,"Rose Lalonde,Roxy Lalonde,Kanaya Maryam,Dave Strider,Dirk Strider","Rose Lalonde/Roxy Lalonde,Rose Lalonde/Kanaya Maryam,Roxy Lalonde/Jane Crocker (mentioned),Dave Strider/Dirk Strider","Creator Chose Not To Use Archive Warnings",0,0,1,0,0,0,0,0,0,0,0,0,0,0,0,0,0,1,0,0,0,0,0,0,0,0,0,0,0,0,0,0,0,0,0,0,0,0,0,0,0,0,0,0,0,0,0,0,0,0,0,0,0,0,0,0,0,0,0,0,0,0,0,0,0,0,0,0,0,0,0,0,0,0,0,0,0,0,0,0,0,0,0,0,0,0,0,0,0,0,0,0,0,0,0,0,0,0,0,0,0,0,0,0,0,0,0,0,0,0,0,0,0,0,0,0,0,0,0,0,0,0,0,0,0,0,0,0,0,0,0,0,0,0,0,0,0,0,0,0,0,0,0,0,0,0,0,0,0,0,0,0,0,0,1,1,1,0,0,0,0,0,0,0,0,0,0,0,0,0,0,0,0,0,0,0,0,0,0,0,0,0,0,0,0,0,0,0,0,0,0,0,0,0,0,0,0,0,0,0,0,0,0,0,0,0,0,0,0
"Free Story Beginnings (You can take any of these ideas for yourself)","MKwitch","Mirrormask,Alice in Wonderland (2010),Labyrinth (1986),Abarat Series - Clive Barker,ParaNorman (2012),Coraline (2009),Harry Potter - J. K. Rowling,Portal (Video Game),Homestuck,Batman - All Media Types,Rise of the Guardians (2012),Firefly,Repo! The Genetic Opera (2008),Sherlock,Ruby Gloom",English,8777,13/?,0,0,9,0,281,Teen And Up Audiences,16 Aug 2014,"Everyone.,literally everyone","","No Archive Warnings Apply",0,0,0,0,0,0,0,0,0,0,0,0,0,0,0,0,0,0,0,0,0,0,0,0,0,0,0,0,0,0,0,0,0,0,0,0,0,0,0,0,0,0,0,0,0,0,0,0,0,0,0,0,0,0,0,0,0,0,0,0,0,0,0,0,0,0,0,0,0,0,0,0,0,0,0,0,0,0,0,0,0,0,0,0,0,0,0,0,0,0,0,0,0,0,0,0,0,0,0,0,0,0,0,0,0,0,0,0,0,0,0,0,0,0,0,0,0,0,0,0,0,0,0,0,0,0,0,0,0,0,0,0,0,0,0,0,0,0,0,0,0,0,0,0,0,0,0,0,0,0,0,0,0,0,0,0,0,1,1,1,1,1,0,0,0,0,0,0,0,0,0,0,0,0,0,0,0,0,0,0,0,0,0,0,0,0,0,0,0,0,0,0,0,0,0,0,0,0,0,0,0,0,0,0,0,0,0,0,0
"Potterstuck [Where A Crossover Becomes Homestuck]","TwinKats","Harry Potter - Fandom,Homestuck",English,3319,7/?,0,0,3,0,731,Teen And Up Audiences,26 Nov 2013,"James Potter,Frank Longbottom,Selene Lovegood,Lucius Malfoy,Gideon Prewett,Fabian Prewett,Arianna Dumbledore,Lily Evans,James Granger,Selene Malfoy,Lucius Liddel,Lily Prewett","","Creator Chose Not To Use Archive Warnings",0,0,0,0,0,0,0,0,0,0,0,0,0,0,0,0,0,0,0,0,0,0,0,0,0,0,0,0,0,0,0,0,0,0,0,0,0,0,0,0,0,0,0,0,0,0,0,0,0,0,0,0,0,0,0,0,0,0,0,0,0,0,0,0,0,0,0,0,0,0,0,0,0,0,0,0,0,0,0,0,0,0,0,0,0,0,0,0,0,0,0,0,0,0,0,0,0,0,0,0,0,0,0,0,0,0,0,0,0,0,0,0,0,0,0,0,0,0,0,0,0,0,0,0,0,0,0,0,0,0,0,0,0,0,0,0,0,0,0,0,0,0,0,0,0,0,0,0,0,0,0,0,0,0,0,0,0,0,0,0,0,0,1,1,1,1,1,1,1,1,1,1,1,1,1,1,1,1,0,0,0,0,0,0,0,0,0,0,0,0,0,0,0,0,0,0,0,0,0,0,0,0,0,0,0,0,0,0,0
"Spellstuck","snowchildhero","Homestuck,Harry Potter - J. K. Rowling",English,15970,7/?,0,21,89,27,2763,Teen And Up Audiences, 2 Sep 2013,"Aranea Serket,Kankri Vantas,Cronus Ampora,Eridan Ampora,Vriska Serket,Latula Pyrope,Mituna Captor","Cronus Ampora & Kankri Vantas,Cronus Ampora/Aranea Serket","Creator Chose Not To Use Archive Warnings",0,0,0,0,0,0,0,1,0,0,0,0,0,0,0,0,0,0,0,0,0,0,0,0,0,0,0,0,0,0,0,0,0,0,0,0,0,0,0,0,0,0,0,0,0,0,0,0,0,0,0,0,0,0,0,0,0,0,0,0,0,0,0,0,0,0,1,0,0,0,0,0,0,0,0,0,0,0,0,0,0,0,0,0,0,0,0,0,0,0,0,0,0,0,0,0,0,0,0,0,0,0,0,0,0,0,0,0,0,0,0,0,0,0,0,0,0,0,0,0,0,0,0,0,0,0,0,0,0,0,0,0,0,0,0,0,0,0,0,0,0,0,0,0,0,0,0,0,0,0,0,0,0,0,0,0,0,0,0,0,0,0,0,0,0,0,0,0,0,0,0,0,0,0,0,0,0,0,0,0,0,0,0,0,0,0,0,0,0,0,0,0,0,0,0,0,0,0,0,0,0,0,0,0,0,0,0,0,0
"Halos and Angels","orphan_account","Harry Potter - J. K. Rowling,Homestuck",English,1690,1/1,1,3,13,2,163,Teen And Up Audiences, 8 Oct 2014,"Hermione Granger,Luna Lovegood","Hermione Granger & Luna Lovegood","No Archive Warnings Apply",0,0,1,0,0,0,0,1,0,0,0,0,0,0,0,0,0,0,0,0,0,0,0,0,0,0,0,0,0,0,0,0,0,0,0,0,0,0,0,0,0,0,0,0,0,0,0,0,0,0,0,0,0,0,0,0,0,0,0,0,0,0,0,0,0,0,0,0,0,0,0,0,0,0,0,0,0,0,0,0,0,0,0,0,0,0,0,0,0,0,0,0,0,0,0,0,0,0,0,0,0,0,0,0,0,0,0,0,0,0,0,0,0,0,0,0,0,0,0,0,0,0,0,0,0,0,0,0,0,0,0,0,0,0,0,0,0,0,0,0,0,0,0,0,0,0,0,0,0,0,0,0,0,0,0,0,0,0,0,0,0,0,0,0,0,0,0,0,0,0,0,0,0,0,0,0,0,0,1,1,0,0,0,0,0,0,0,0,0,0,0,0,0,0,0,0,0,0,0,0,0,0,0,0,0,0,0,0,0
"An Elf and a Wizard Walk into a Hair Salon...","Arenal","The Hobbit - All Media Types,The Lord of the Rings - All Media Types,Harry Potter - J. K. Rowling,Doctor Who,Homestuck,Sherlock (TV)",English,1120,1/1,0,8,105,11,2051,General Audiences, 3 Jan 2014,"Lucius Malfoy,Thranduil,The Doctor (Doctor Who),Karkat Vantas,Jim Moriarty","","No Archive Warnings Apply",0,0,0,0,0,0,0,0,0,0,0,0,0,0,0,0,0,0,0,0,0,0,0,0,0,0,0,0,0,0,0,0,0,0,0,0,0,0,0,0,0,0,0,0,0,0,0,0,0,0,0,0,0,0,0,0,0,0,0,0,0,0,0,0,0,0,0,0,0,0,0,0,0,0,0,0,0,0,0,0,0,0,0,0,0,0,0,0,0,0,0,0,0,0,0,0,0,0,0,0,0,0,0,0,0,0,0,0,0,0,0,0,0,0,0,0,0,0,0,0,0,0,0,0,0,0,0,0,0,0,0,0,0,0,0,0,0,0,0,0,0,0,0,0,0,0,0,0,0,0,0,0,0,0,0,0,0,0,0,0,0,0,0,0,0,0,0,0,0,0,0,0,0,0,0,0,0,0,0,0,0,0,0,0,0,0,0,0,0,0,0,0,0,0,0,0,0,0,0,0,0,0,0,0,0,0,0,0,0
"If Arbitrary Hatreds Based on Colors Make You Feel at  Home I Guess Sure","maypop","Homestuck,Harry Potter - J. K. Rowling",English,451,1/1,0,0,16,1,1088,Teen And Up Audiences, 6 Aug 2011,"Dave Strider,Karkat Vantas,Kanaya Maryam,Rose Lalonde,Vriska Serket","","No Archive Warnings Apply",0,0,0,0,0,0,0,0,0,0,0,0,0,0,0,0,0,0,0,0,0,0,0,0,0,0,0,0,0,0,0,0,0,0,0,0,0,0,0,0,0,0,0,0,0,0,0,0,0,0,0,0,0,0,0,0,0,0,0,0,0,0,0,0,0,0,0,0,0,0,0,0,0,0,0,0,0,0,0,0,0,0,0,0,0,0,0,0,0,0,0,0,0,0,0,0,0,0,0,0,0,0,0,0,0,0,0,0,0,0,0,0,0,0,0,0,0,0,0,0,0,0,0,0,0,0,0,0,0,0,0,0,0,0,0,0,0,0,0,0,0,0,0,0,0,0,0,0,0,0,0,0,0,0,0,0,0,0,0,0,0,0,0,0,0,0,0,0,0,0,0,0,0,0,0,0,0,0,0,0,0,0,0,0,0,0,0,0,0,0,0,0,0,0,0,0,0,0,0,0,0,0,0,0,0,0,0,0,0
"the world on dreaming fed","curacere","Homestuck,Harry Potter - J. K. Rowling",English,2874,2/?,0,8,52,7,1399,General Audiences,15 Jun 2011,"Vriska Serket,Terezi Pyrope,Karkat Vantas,Sollux Captor,Jack Noir","","Creator Chose Not To Use Archive Warnings",0,0,1,0,0,0,0,0,0,0,0,0,0,0,0,0,0,0,0,0,0,0,0,0,0,0,0,0,0,0,0,0,0,0,0,0,0,0,0,0,0,0,0,0,0,0,0,0,0,0,0,0,0,0,0,0,0,0,0,0,0,0,0,0,0,0,0,0,0,0,0,0,0,0,0,0,0,0,0,0,0,0,0,0,0,0,0,0,0,0,0,0,0,0,0,0,0,0,0,0,0,0,0,0,0,0,0,0,0,0,0,0,0,0,0,0,0,0,0,0,0,0,0,0,0,0,0,0,0,0,0,0,0,0,0,0,0,0,0,0,0,0,0,0,0,0,0,0,0,0,0,0,0,0,0,0,0,0,0,0,0,0,0,0,0,0,0,0,0,0,0,0,0,0,0,0,0,0,0,0,1,0,0,0,0,0,0,0,0,0,0,0,0,0,0,0,0,0,0,0,0,0,0,0,0,0,0,0,0
"fly.by.night","xkotorix","Homestuck,Harry Potter - J. K. Rowling",English,332,2/?,0,2,5,0,9374,Teen And Up Audiences, 6 Nov 2013,"John Egbert,Karkat Vantas,Rose Lalonde,Kanaya Maryam,Jake English,Dirk Strider,Terezi Pyrope,Dave Strider","John Egbert/Karkat Vantas,Rose Lalonde/Kanaya Maryam,Jake English/Dirk Strider,Terezi Pyrope/Dave Strider","Creator Chose Not To Use Archive Warnings,Underage",0,0,0,0,0,0,0,0,0,0,0,0,0,0,0,0,1,0,0,0,1,0,0,0,0,0,0,0,0,0,0,0,0,0,0,0,0,0,0,0,0,0,0,0,0,0,0,0,0,0,0,0,0,0,0,0,0,0,0,0,0,0,0,0,0,0,0,0,0,0,0,0,0,0,0,0,0,0,0,0,0,0,0,0,0,0,0,0,0,0,0,0,0,0,0,0,0,0,0,0,0,0,0,0,0,0,0,0,0,0,0,0,0,0,0,0,0,0,0,0,0,0,0,0,0,0,0,0,0,0,0,0,0,0,0,0,0,0,0,0,0,0,0,0,0,0,0,0,0,0,0,0,0,0,0,0,0,0,0,0,0,0,0,0,0,0,0,0,0,0,0,0,0,0,0,0,0,0,0,0,0,1,1,1,1,0,0,0,0,0,0,0,0,0,0,0,0,0,0,0,0,0,0,0,0,0,0,0,0
"Incomplete Serket","duchessofwraiths,OliviaRose","Homestuck,Harry Potter - J. K. Rowling",English,9289,10/?,0,8,23,3,595,Mature,25 Jul 2013,"Eridan Ampora","Terezi Pyrope/Vriska Serket,Terezi Pyrope/Karkat Vantas,Eridan Ampora/Vriska Serket,Eridan Ampora/Sollux Captor,Eridan Ampora & Karkat Vantas,Sollux Captor & Terezi Pyrope,Terezi Pyrope & Karkat Vantas","Rape/Non-Con,Underage",0,0,0,0,0,0,0,0,0,0,0,0,0,0,0,0,0,0,0,0,0,0,0,0,0,0,0,0,0,0,0,0,0,0,0,0,0,0,0,0,0,0,0,0,0,0,0,0,0,0,0,0,0,0,0,0,0,0,0,0,0,0,0,0,0,0,0,0,0,0,0,1,0,0,0,0,0,0,0,0,0,0,0,0,0,0,0,0,0,0,0,0,0,0,0,0,0,0,0,0,0,0,0,0,0,0,0,0,0,0,0,0,0,0,0,0,0,0,0,1,1,0,0,0,0,0,0,0,0,0,0,0,1,0,0,0,0,0,0,0,0,0,0,0,0,0,0,0,0,0,0,0,0,0,0,0,0,0,0,0,0,0,0,0,0,0,0,0,0,0,0,0,0,0,0,0,0,0,0,0,0,0,0,0,0,1,1,1,0,0,0,0,0,0,0,0,0,0,0,0,0,0,0,0,0,0,0,0,0
"Fandoms: A Common Enemy","Signless","Harry Potter - J. K. Rowling,Doctor Who,Pocket Monsters | Pokemon (Main Video Game Series),Homestuck,Sherlock (TV)",English,4438,6/6,0,1,12,0,476,Teen And Up Audiences,26 May 2014,"Sirius Black,The Doctor (Doctor Who),Voldemort,Daleks,Red,Ookido Green | Blue Oak,Yellow (Pokemon),Cybermen,John Egbert,Karkat Vantas,Sherlock Holmes,John Watson,Rose Lalonde,Dave Strider,Jade Harley,Vriska Serket,Eridan Ampora,Sollux Captor,Aradia Megido,Equius Zahhak,Jane Crocker,Dirk Strider,Roxy Lalonde,Jake English,Tavros Nitram,Nepeta Leijon,Kanaya Maryam,Terezi Pyrope,Gamzee Makara,Feferi Peixes,Harry Potter,Ron Weasley,Hermione Granger,Luna Lovegood,Ginny Weasley,Neville Longbottom,Weeping Angels","","Graphic Depictions Of Violence,Major Character Death",0,0,0,0,0,0,0,0,0,0,0,0,0,0,0,0,0,0,0,0,0,0,0,0,0,0,0,0,0,0,0,0,0,0,0,0,0,0,0,0,0,0,0,0,0,0,0,0,0,0,0,0,0,0,0,0,0,0,0,0,0,0,0,0,0,0,0,0,0,0,0,0,0,0,0,0,0,0,0,0,0,0,0,0,0,0,0,0,0,0,0,0,0,0,0,0,0,0,0,0,0,0,0,0,0,0,0,0,0,0,0,0,0,0,0,0,0,0,0,0,0,0,0,0,0,0,0,0,0,0,0,0,0,0,0,0,0,0,0,0,0,0,0,0,0,0,0,0,0,0,0,0,0,0,0,0,0,0,0,0,0,0,0,0,0,0,0,0,0,0,0,0,0,0,0,0,0,0,0,0,0,0,0,0,0,0,0,0,0,0,0,0,0,0,0,0,0,0,0,0,0,0,0,0,0,0,0,0,0
"Karkat Vantas and the fucking cherry-red stone","TashaLeway","Homestuck,Harry Potter - J. K. Rowling",English,21045,11/?,0,0,11,1,198,Teen And Up Audiences,15 Sep 2014,"Karkat Vantas,Gamzee Makara,Kankri Vantas,John Egbert,Crabdad","","Graphic Depictions Of Violence",0,0,0,0,0,0,0,0,0,0,0,0,0,0,0,0,0,0,0,0,0,0,0,0,0,0,0,0,0,0,0,0,0,0,0,0,0,0,0,0,0,0,0,0,0,0,0,0,0,0,0,0,0,0,0,0,0,0,0,0,0,0,0,0,0,0,0,0,0,0,0,0,0,0,0,0,0,0,0,0,0,0,0,0,0,0,0,0,0,0,0,0,0,0,0,0,0,0,0,0,0,0,0,0,0,0,0,0,0,0,0,0,0,0,0,0,0,0,0,0,0,0,0,0,0,0,0,0,0,0,0,0,0,0,0,0,0,0,0,0,0,0,0,0,0,0,0,0,0,0,0,0,0,0,0,0,0,0,0,0,0,0,0,0,0,0,0,0,0,0,0,0,0,0,0,0,0,0,0,0,0,0,0,0,0,0,0,0,1,1,1,1,1,1,1,1,0,0,0,0,0,0,0,0,0,0,0,0,0
"Deep Secrets","ShianneUrami","Homestuck,Harry Potter - J. K. Rowling",English,3439,1/1,0,4,33,8,709,Explicit, 7 Feb 2013,"Eridan Ampora,Rose Lalonde","Eridan Ampora/Rose Lalonde","No Archive Warnings Apply",0,0,1,0,0,0,0,0,0,0,0,0,0,0,0,0,0,0,0,0,0,0,0,0,0,0,0,0,0,0,0,0,0,0,0,0,0,0,0,0,0,0,0,0,0,0,0,0,0,0,0,0,0,0,0,0,0,0,0,0,0,0,0,0,0,0,1,1,0,0,0,0,0,0,0,0,0,0,0,0,0,0,0,0,0,0,0,0,0,0,0,0,0,0,0,0,0,0,0,0,0,0,0,0,0,0,0,0,0,0,0,0,0,0,0,0,0,0,0,0,1,0,0,0,0,0,0,0,0,0,0,0,0,0,0,0,0,0,0,0,0,0,0,0,0,0,0,0,0,0,0,0,0,0,0,0,0,0,0,0,0,0,0,0,0,0,0,0,0,0,0,0,0,0,0,0,0,0,0,0,0,0,0,0,0,0,0,0,0,0,0,0,0,0,0,0,0,0,0,0,0,0,0,0,0,0,0,0,0
"Until You Give Me Something Sweet (Like Equality)","duchessofwraiths,OliviaRose","Homestuck,Harry Potter - J. K. Rowling",English,1040,2/?,0,0,12,0,477,Teen And Up Audiences, 4 Nov 2013,"","Sollux Captor/Karkat Vantas,Terezi Pyrope/Karkat Vantas,Sollux Captor/Aradia Megido,Aradia Megido/Feferi Peixes,Sollux Captor/Rose Lalonde","Underage",0,0,0,0,0,0,0,0,0,0,0,0,0,0,0,0,0,0,0,0,0,0,0,0,0,0,0,0,0,0,0,0,0,0,0,0,0,0,0,0,0,0,0,0,0,0,0,0,0,0,0,0,0,0,0,0,0,0,0,0,0,0,0,0,0,0,0,0,0,0,0,0,0,0,0,0,0,0,0,0,0,0,0,0,0,0,0,0,0,0,0,0,0,0,0,0,0,0,0,0,0,0,0,0,0,0,0,0,0,0,0,0,0,0,0,0,0,0,0,0,0,0,0,0,0,0,1,0,0,0,0,0,1,0,0,0,0,0,0,0,0,0,0,0,0,0,0,0,0,0,0,0,0,0,0,0,0,0,0,0,0,0,0,0,0,0,0,0,0,0,0,0,0,0,0,0,0,0,0,0,0,0,0,0,0,0,0,0,0,0,0,0,0,0,0,0,1,1,1,1,1,0,0,0,0,0,0,0,0
"Winning Thoroughly","Arbuscular","Homestuck,Harry Potter - J. K. Rowling",English,1074,1/1,0,1,15,1,263,Teen And Up Audiences,12 Jun 2013,"Jade Harley,Harry Potter","","Creator Chose Not To Use Archive Warnings",0,0,0,0,0,0,0,0,0,0,0,0,0,0,0,0,0,0,0,0,0,0,0,0,0,0,0,0,0,0,0,0,0,0,0,0,0,0,0,0,0,0,0,0,0,0,0,0,0,0,0,0,0,0,0,0,0,0,0,0,0,0,0,0,0,0,0,0,0,0,0,0,0,0,0,0,0,0,0,0,0,0,0,0,0,0,0,0,0,0,0,0,0,0,0,0,0,0,0,0,0,0,0,0,0,0,0,0,0,0,0,0,0,0,0,0,0,0,0,0,0,0,0,0,0,0,0,0,0,0,0,0,0,0,0,0,0,0,0,0,0,0,0,0,0,0,0,0,0,0,0,0,0,0,0,0,0,0,0,0,0,0,0,0,0,0,0,0,0,0,0,0,0,0,0,0,0,0,0,0,0,0,0,0,0,0,0,0,0,0,0,0,0,0,0,0,0,0,0,0,0,0,0,0,0,0,0,0,0
"Karkat Vantas and the Opening of Perpetual Shame","CrypticLinguist","Harry Potter - J. K. Rowling,Homestuck",English,1512,1/?,0,1,14,3,179,Not Rated, 8 Aug 2014,"Karkat Vantas,Aradia Megido,Tavros Nitram,Sollux Captor,Nepeta Leijon,Kanaya Maryam,Terezi Pyrope,Vriska Serket,Equius Zahhak,Gamzee Makara,Eridan Ampora,Feferi Peixes,Rose Lalonde,Dave Strider,John Egbert,Jade Harley,Hogwarts Staff,Hogwarts Students","","No Archive Warnings Apply",0,0,1,0,0,0,0,0,0,0,0,0,0,0,0,0,0,0,0,0,0,0,0,0,0,0,0,0,0,0,0,0,0,0,0,0,0,0,0,0,0,0,0,0,0,0,0,0,0,0,0,0,0,0,0,0,0,0,0,0,0,0,0,0,0,0,0,0,0,0,0,0,0,0,0,0,0,0,0,0,0,0,0,0,0,0,0,0,0,0,0,0,0,0,0,0,0,0,0,0,0,0,0,0,0,0,0,0,0,0,0,0,0,0,0,0,0,0,0,0,0,0,0,0,0,0,0,0,0,0,0,0,0,0,0,0,0,0,0,0,0,0,0,0,0,0,0,0,0,0,0,0,0,0,0,0,0,0,0,0,0,0,0,0,0,0,0,0,0,0,0,0,0,0,0,0,0,0,0,0,0,0,0,0,0,0,0,0,0,0,0,0,0,0,0,0,0,0,0,0,0,1,1,1,1,1,1,0,0
"Wizardstuck","draconicAlgorithm (PhantomSunsSong)","Homestuck,Harry Potter - J. K. Rowling",English,26449,15/?,0,41,255,33,9697,General Audiences, 1 Nov 2011,"The Trolls,The Kids,Various Harry Potter Characters","","No Archive Warnings Apply",0,0,1,0,0,0,0,0,0,0,0,0,0,0,0,0,0,0,0,0,0,0,0,0,0,0,0,0,0,0,0,0,0,0,0,0,0,0,0,0,0,0,0,0,0,0,0,0,0,0,0,0,0,0,0,0,0,0,0,0,0,0,0,0,0,0,0,0,0,0,0,0,0,0,0,0,0,0,0,0,0,0,0,0,0,0,0,0,0,0,0,0,0,0,0,0,0,0,0,0,0,0,0,0,0,0,0,0,0,0,0,0,0,0,0,0,0,0,0,0,0,0,0,0,0,0,0,0,0,0,0,0,0,0,0,0,0,0,0,0,0,0,0,0,0,0,0,0,0,0,0,0,0,0,0,0,0,0,0,0,0,0,0,0,0,0,0,0,0,0,0,0,0,0,0,0,0,0,0,0,0,0,0,0,0,0,0,0,0,0,0,0,0,0,0,0,0,0,0,0,0,0,0,0,0,0,0,1,0
"Did I Hit You That Hard?","duchessofwraiths,OliviaRose","Homestuck,Harry Potter - J. K. Rowling",English,1388,2/?,0,0,15,2,482,Teen And Up Audiences, 5 May 2013,"Terezi Pyrope,Sollux Captor,Karkat Vantas,Aradia Megido,Eridan Ampora,Vriska Serket,The Condesce","Karkat Vantas/Terezi Pyrope,Sollux Captor/Aradia Megido,Eridan Ampora/Sollux Captor,Terezi Pyrope/Vriska Serket","No Archive Warnings Apply",0,0,0,0,0,0,0,0,0,0,0,0,0,0,0,0,0,0,0,0,0,0,0,0,0,0,0,0,0,0,0,0,0,0,0,0,0,0,0,0,0,0,0,0,0,0,0,0,0,0,0,0,0,0,0,0,0,0,0,0,0,0,0,0,0,0,0,0,0,0,0,1,0,0,0,0,0,0,0,0,0,0,0,0,0,0,0,0,0,0,0,0,0,0,0,0,0,0,0,0,0,0,0,0,0,0,0,0,0,0,0,0,0,0,0,0,0,0,1,1,1,0,0,0,0,0,0,0,0,0,0,0,0,0,0,0,0,0,0,0,0,0,0,0,0,0,0,0,0,0,0,0,0,0,0,0,0,0,0,0,0,0,0,0,0,0,0,0,0,0,0,0,0,0,0,0,0,0,0,0,0,0,0,0,0,0,0,0,0,0,0,0,0,0,0,0,0,0,0,0,0,0,0,0,0,0,0,0,0
"A Shitty Fanfic: The (meme)quel","KomaedaClear","Hunter X Hunter,Harry Potter - Fandom,DRAMAtical Murder,Neon Genesis Evangelion,Dangan Ronpa,Homestuck,Attack on Titan",English,349,1/1,0,0,5,0,137,General Audiences,25 Jul 2014,"Luna Lovegood,Aoba Seragaki,Dirk Strider,Yasuhiro Hagakure,Komaeda Nagito,Hinata Hajime,Ikari Shinji,Kaworu Nagisa,Eren Jaeger,Killua Zoldyck,Edward Elric","","Creator Chose Not To Use Archive Warnings",0,0,0,0,0,0,0,0,0,0,0,0,0,0,0,0,0,0,0,0,0,0,0,0,0,0,0,0,0,0,0,0,0,0,0,0,0,0,0,0,0,0,0,0,0,0,0,0,0,0,0,0,0,0,0,0,0,0,0,0,0,0,0,0,0,0,0,0,0,0,0,0,0,0,0,0,0,0,0,0,0,0,0,0,0,0,0,0,0,0,0,0,0,0,0,0,0,0,0,0,0,0,0,0,0,0,0,0,0,0,0,0,0,0,0,0,0,0,0,0,0,1,1,1,0,0,0,0,0,0,0,0,0,0,0,0,0,0,0,0,0,0,0,0,0,0,0,0,0,0,0,0,0,0,0,0,0,0,0,0,0,0,0,0,0,0,0,0,0,0,0,0,0,0,0,0,0,0,0,0,0,0,0,0,0,0,0,0,0,0,0,0,0,0,0,0,0,0,0,0,0,0,0,0,0,0,0,0,0
"Thirteen Years Later...","enchanted_book","Homestuck,Harry Potter - J. K. Rowling",English,465,1/?,0,0,7,0,148,Mature,28 May 2014,"John Egbert,Dave Strider,Rose Lalonde,Casey (Homestuck)","John Egbert/Dave Strider","Creator Chose Not To Use Archive Warnings",0,0,0,0,0,0,0,0,0,0,0,0,0,0,0,0,0,0,0,0,0,0,0,0,0,0,0,0,0,0,0,0,0,0,0,0,0,0,0,0,0,0,0,0,0,0,0,0,0,0,0,0,0,0,0,0,0,0,0,0,0,0,0,0,0,0,1,0,0,0,0,0,0,0,0,0,0,0,0,0,0,0,0,0,0,0,0,0,0,0,0,0,0,0,0,0,0,0,0,0,0,0,0,0,0,0,0,0,0,0,0,0,0,0,0,0,0,0,0,0,0,0,0,0,1,1,0,0,0,0,0,0,0,0,0,0,0,0,0,0,0,0,0,0,0,0,0,0,0,0,0,0,0,0,0,0,0,0,0,0,0,0,0,0,0,0,0,0,0,0,0,0,0,0,0,0,0,0,0,0,0,0,0,0,0,0,0,0,0,0,0,0,0,0,0,0,0,0,0,0,0,0,0,0,0,0,0,0,0
"Killing Curse","VirenaSetiss","Harry Potter - J. K. Rowling,Homestuck,harry as a troll,Harry / Hermione - Pale,ignores horcruxes,prophecy still in place though",English,4012,3/?,0,0,10,4,339,Not Rated, 3 May 2014,"Harry Potter,Hermione Granger,Minerva McGonagall,Mrs Granger (Harry Potter)","","Creator Chose Not To Use Archive Warnings",0,0,0,0,0,0,0,0,0,0,0,0,0,0,0,0,0,0,0,0,0,0,0,0,0,0,0,0,0,0,0,0,0,0,0,0,0,0,0,0,0,0,0,0,0,0,0,0,0,0,0,0,0,0,0,0,0,0,0,0,0,0,0,0,0,0,0,0,0,0,0,0,0,0,0,0,0,0,0,0,0,0,0,0,0,0,0,0,0,0,0,0,0,0,0,0,0,0,0,0,0,0,0,0,0,0,0,0,0,0,0,0,0,0,0,0,0,0,0,0,0,0,0,0,0,0,0,0,0,0,0,0,0,0,0,0,0,0,0,0,0,0,0,0,0,0,0,0,0,0,0,0,0,0,0,0,0,0,0,0,0,0,0,0,0,0,0,0,0,0,0,0,0,0,0,0,0,0,0,0,0,0,0,0,0,0,0,0,0,0,0,0,0,0,0,0,0,0,0,0,0,0,0,0,0,0,0,0,0
"Beyond Lost Stars","TheLigeia,UndeadRelived","Harry Potter - J. K. Rowling,Homestuck,DCU",English,1373,1/?,0,0,2,0,66,Not Rated, 9 Jul 2014,"Tom Riddle | Voldemort,Rabastan Lestrange,Rodolphus Lestrange,Bellatrix Black Lestrange,Severus Snape,Fenrir Greyback,Lucius Malfoy,Death Eater(s)","","Creator Chose Not To Use Archive Warnings",0,0,0,0,0,0,0,1,0,0,0,0,0,0,0,0,0,0,0,0,0,0,0,0,0,0,0,0,0,0,0,0,0,0,0,0,0,0,0,0,0,0,0,0,0,0,0,0,0,0,0,0,0,0,0,0,0,0,0,0,0,0,0,0,0,0,0,0,0,0,0,0,0,0,0,0,0,0,0,0,0,0,0,0,0,0,0,0,0,0,0,0,0,0,0,0,0,0,0,0,0,0,0,0,0,0,0,0,0,0,0,0,0,0,0,0,0,0,0,0,0,0,0,0,0,0,1,1,1,1,1,1,1,1,1,1,1,1,1,0,0,0,0,0,0,0,0,0,0,0,0,0,0,0,0,0,0,0,0,0,0,0,0,0,0,0,0,0,0,0,0,0,0,0,0,0,0,0,0,0,0,0,0,0,0,0,0,0,0,0,0,0,0,0,0,0,0,0,0,0,0,0,0,0,0,0,0,0,0
"Weightless Sin","vedinamel","Homestuck,Harry Potter - J. K. Rowling",English,2583,1/1,0,0,15,0,412,Mature,11 Jan 2014,"Rose Lalonde,Roxy Lalonde,Kanaya Maryam,Dave Strider,Dirk Strider","Rose Lalonde/Roxy Lalonde,Rose Lalonde/Kanaya Maryam,Roxy Lalonde/Jane Crocker (mentioned),Dave Strider/Dirk Strider","Creator Chose Not To Use Archive Warnings",0,0,1,0,0,0,0,0,0,0,0,0,0,0,0,0,0,1,0,0,0,0,0,0,0,0,0,0,0,0,0,0,0,0,0,0,0,0,0,0,0,0,0,0,0,0,0,0,0,0,0,0,0,0,0,0,0,0,0,0,0,0,0,0,0,0,0,0,0,0,0,0,0,0,0,0,0,0,0,0,0,0,0,0,0,0,0,0,0,0,0,0,0,0,0,0,0,0,0,0,0,0,0,0,0,0,0,0,0,0,0,0,0,0,0,0,0,0,0,0,0,0,0,0,0,0,0,0,0,0,0,0,0,0,0,0,0,0,0,0,0,0,0,0,0,0,0,0,0,0,0,0,0,0,1,1,1,0,0,0,0,0,0,0,0,0,0,0,0,0,0,0,0,0,0,0,0,0,0,0,0,0,0,0,0,0,0,0,0,0,0,0,0,0,0,0,0,0,0,0,0,0,0,0,0,0,0,0,0
"Free Story Beginnings (You can take any of these ideas for yourself)","MKwitch","Mirrormask,Alice in Wonderland (2010),Labyrinth (1986),Abarat Series - Clive Barker,ParaNorman (2012),Coraline (2009),Harry Potter - J. K. Rowling,Portal (Video Game),Homestuck,Batman - All Media Types,Rise of the Guardians (2012),Firefly,Repo! The Genetic Opera (2008),Sherlock,Ruby Gloom",English,8777,13/?,0,0,9,0,281,Teen And Up Audiences,16 Aug 2014,"Everyone.,literally everyone","","No Archive Warnings Apply",0,0,0,0,0,0,0,0,0,0,0,0,0,0,0,0,0,0,0,0,0,0,0,0,0,0,0,0,0,0,0,0,0,0,0,0,0,0,0,0,0,0,0,0,0,0,0,0,0,0,0,0,0,0,0,0,0,0,0,0,0,0,0,0,0,0,0,0,0,0,0,0,0,0,0,0,0,0,0,0,0,0,0,0,0,0,0,0,0,0,0,0,0,0,0,0,0,0,0,0,0,0,0,0,0,0,0,0,0,0,0,0,0,0,0,0,0,0,0,0,0,0,0,0,0,0,0,0,0,0,0,0,0,0,0,0,0,0,0,0,0,0,0,0,0,0,0,0,0,0,0,0,0,0,0,0,0,1,1,1,1,1,0,0,0,0,0,0,0,0,0,0,0,0,0,0,0,0,0,0,0,0,0,0,0,0,0,0,0,0,0,0,0,0,0,0,0,0,0,0,0,0,0,0,0,0,0,0,0
"Potterstuck [Where A Crossover Becomes Homestuck]","TwinKats","Harry Potter - Fandom,Homestuck",English,3319,7/?,0,0,3,0,731,Teen And Up Audiences,26 Nov 2013,"James Potter,Frank Longbottom,Selene Lovegood,Lucius Malfoy,Gideon Prewett,Fabian Prewett,Arianna Dumbledore,Lily Evans,James Granger,Selene Malfoy,Lucius Liddel,Lily Prewett","","Creator Chose Not To Use Archive Warnings",0,0,0,0,0,0,0,0,0,0,0,0,0,0,0,0,0,0,0,0,0,0,0,0,0,0,0,0,0,0,0,0,0,0,0,0,0,0,0,0,0,0,0,0,0,0,0,0,0,0,0,0,0,0,0,0,0,0,0,0,0,0,0,0,0,0,0,0,0,0,0,0,0,0,0,0,0,0,0,0,0,0,0,0,0,0,0,0,0,0,0,0,0,0,0,0,0,0,0,0,0,0,0,0,0,0,0,0,0,0,0,0,0,0,0,0,0,0,0,0,0,0,0,0,0,0,0,0,0,0,0,0,0,0,0,0,0,0,0,0,0,0,0,0,0,0,0,0,0,0,0,0,0,0,0,0,0,0,0,0,0,0,1,1,1,1,1,1,1,1,1,1,1,1,1,1,1,1,0,0,0,0,0,0,0,0,0,0,0,0,0,0,0,0,0,0,0,0,0,0,0,0,0,0,0,0,0,0,0
"With Honey","Ryo Hoshi (Hoshi_Ryo)","Homestuck,Harry Potter - J. K. Rowling",English,1265,1/1,0,8,28,4,502,General Audiences,30 Apr 2014,"Jane Crocker,Cronus Ampora,John Egbert","Jane Crocker & Cronus Ampora","No Archive Warnings Apply",0,0,0,0,0,0,0,0,0,0,0,0,0,0,0,0,0,0,0,0,0,0,0,0,0,0,0,0,0,0,0,0,0,0,0,0,0,0,0,0,0,0,0,0,0,0,0,0,0,0,0,0,0,0,0,0,0,0,1,0,0,0,0,0,0,0,0,0,0,0,0,1,0,0,0,0,0,0,0,0,0,0,0,0,0,0,0,0,0,0,0,0,0,0,0,0,0,0,0,0,0,0,0,0,0,0,0,0,0,0,0,0,0,0,0,0,0,0,0,0,0,0,0,0,0,0,0,0,0,0,0,0,0,0,0,0,0,0,0,1,1,1,1,0,0,0,0,0,0,0,0,0,0,0,0,0,0,0,0,0,0,0,0,0,0,0,0,0,0,0,0,0,0,0,0,0,0,0,0,0,0,0,0,0,0,0,0,0,0,0,0,0,0,0,0,0,0,0,0,0,0,0,0,0,0,0,0,0,0
"Heart's Desire","xXDBJonahXx","Homestuck,Harry Potter - J. K. Rowling",English,13551,2/?,0,2,14,3,384,Mature,17 Nov 2014,"Dave Strider,Davesprite,Dirk Strider,Karkat Vantas,Gamzee Makara,Sollux Captor,Rose Lalonde,Kanaya Maryam,John Egbert,Harry Potter,Hermione Granger,Ron Weasley,Draco Malfoy,Jade Harley,Jake English,Roxy Lalonde,Jane Crocker,Aradia Megido,Terezi Pyrope,Vriska Serket,Eridan Ampora,Fleur Delacour,Viktor Krum,Fred Weasley,George Weasley,Original Female Character(s)","Dirk Strider/Davesprite/Jake English - postbreakup,Rose Lalonde/Kanaya Maryam,Gamzee Makara & Karkat Vantas","Creator Chose Not To Use Archive Warnings",0,0,0,0,0,0,0,0,0,0,0,0,0,0,0,0,0,0,0,0,0,0,0,0,0,0,0,0,0,0,0,0,0,0,0,0,0,0,0,0,0,0,0,0,0,0,0,0,0,0,0,0,0,0,0,0,0,0,0,0,0,0,0,0,0,0,0,0,0,0,0,1,0,0,0,0,0,0,0,0,0,0,0,0,0,0,0,0,0,0,0,0,0,0,0,0,0,0,0,0,0,0,0,0,0,0,0,0,0,0,0,0,0,0,0,0,0,0,0,1,1,0,0,0,0,0,0,0,0,0,0,0,0,0,0,0,1,0,0,0,0,0,0,1,1,1,1,1,1,1,1,1,1,1,0,0,0,0,0,0,0,0,0,0,0,0,0,0,0,0,0,0,0,0,0,0,0,0,0,0,0,0,0,0,0,0,0,0,0,0,0,0,0,0,0,0,0,0,0,0,0,0,0,0,0,0,0,0,0
"I'll chase right after you; You are my golden snitch.","enchanted_book","Homestuck,Harry Potter - J. K. Rowling",English,4274,7/?,0,4,36,2,932,Explicit, 5 Jun 2014,"John Egbert,Dave Strider,Rose Lalonde,Kanaya Maryam,Vriska Serket,Jade Harley,Karkat Vantas","John Egbert/Dave Strider,Rose Lalonde/Kanaya Maryam,Jade Harley/Karkat Vantas","Underage",0,0,0,0,0,0,0,0,0,0,0,0,0,0,0,0,0,0,0,0,0,0,0,0,0,0,0,0,0,0,0,0,0,0,0,0,0,0,0,0,0,0,0,0,0,0,0,0,0,0,0,0,0,0,0,0,0,0,0,0,0,0,0,0,0,0,1,0,0,0,0,0,0,0,0,0,0,0,0,0,0,0,0,0,0,0,0,0,0,0,0,0,0,1,1,1,1,1,0,0,0,0,0,0,0,0,0,0,0,0,0,0,0,0,0,0,0,0,0,0,0,0,0,0,0,0,0,0,0,0,0,0,0,0,0,0,0,0,0,0,0,0,0,0,0,0,0,0,0,0,0,0,0,0,0,0,0,0,0,0,0,0,0,0,0,0,0,0,0,0,0,0,0,0,0,0,0,0,0,0,0,0,0,0,0,0,0,0,0,0,0,0,0,0,0,0,0,0,0,0,0,0,0,0,0,0,0,0,0
"Marauders' Trail","draconicAlgorithm (PhantomSunsSong)","Homestuck,Harry Potter - J. K. Rowling",English,7209,3/?,0,0,30,5,1107,Teen And Up Audiences, 1 Mar 2012,"Nepeta Leijon,Rose Lalonde,Jade Harley,Terezi Pyrope","","No Archive Warnings Apply",0,0,0,0,0,0,0,0,0,0,0,0,0,0,0,0,0,0,0,0,0,0,0,0,0,0,0,0,0,0,0,0,0,0,0,0,0,0,0,0,0,0,0,0,0,0,0,0,0,0,0,0,0,0,0,0,0,0,0,0,0,0,0,0,0,0,0,0,0,0,0,0,0,0,0,0,0,0,0,0,0,0,0,0,0,0,0,0,0,0,0,1,1,0,0,0,0,0,0,0,0,0,0,0,0,0,0,0,0,0,0,0,0,0,0,0,0,0,0,0,0,0,0,0,0,0,0,0,0,0,0,0,0,0,0,0,0,0,0,0,0,0,0,0,0,0,0,0,0,0,0,0,0,0,0,0,0,0,0,0,0,0,0,0,0,0,0,0,0,0,0,0,0,0,0,0,0,0,0,0,0,0,0,0,0,0,0,0,0,0,0,0,0,0,0,0,0,0,0,0,0,0,0,0,0,0,0,0,0
"Castle Bound","Mogseltof","Homestuck,Harry Potter - J. K. Rowling",English,6098,2/?,0,3,22,4,388,Teen And Up Audiences,17 Dec 2014,"John Egbert,Dave Strider,Rose Lalonde,Jade Harley,Vriska Serket,Ensemble,Jane Crocker,Jake English,Roxy Lalonde,Dirk Strider,Meulin Leijon,Feferi Peixes,Severus Snape,Minerva McGonagall,Latula Pyrope,Karkat Vantas,Gamzee Makara,Kanaya Maryam,Terezi Pyrope,Sybil Trelawney","","No Archive Warnings Apply",0,0,1,0,0,0,0,1,0,0,0,0,0,0,0,0,1,1,0,0,0,0,0,0,0,0,0,0,0,0,0,0,0,0,0,0,0,0,0,0,0,0,0,0,0,0,0,0,0,0,0,0,0,0,0,0,0,0,0,0,0,0,0,0,0,0,0,0,0,0,0,0,0,0,0,0,0,0,0,0,0,0,0,0,0,0,0,0,0,1,1,0,0,0,0,0,0,0,0,0,0,0,0,0,0,0,0,0,0,0,0,0,0,0,0,0,0,0,0,0,0,0,0,0,0,0,0,0,0,0,0,0,0,0,0,0,0,0,0,0,0,0,0,0,0,0,0,0,0,0,0,0,0,0,0,0,0,0,0,0,0,0,0,0,0,0,0,0,0,0,0,0,0,0,0,0,0,0,0,0,0,0,0,0,0,0,0,0,0,0,0,0,0,0,0,0,0,0,0,0,0,0,0,0,0,0,0,0,0
"Love Potion Mishaps","snowchildhero","Homestuck,Harry Potter - J. K. Rowling",English,2388,1/1,0,2,56,6,1243,Teen And Up Audiences,12 Jul 2013,"Cronus Ampora,Kankri Vantas,Aranea Serket","Cronus Ampora/Kankri Vantas,Cronus Ampora & Kankri Vantas","Creator Chose Not To Use Archive Warnings",0,0,0,0,0,0,0,0,0,0,0,0,0,0,0,0,0,0,0,0,0,0,0,0,0,0,0,0,0,0,0,0,0,0,0,0,0,0,0,0,0,0,0,0,0,0,0,0,0,0,0,0,0,0,0,0,0,0,0,0,0,0,0,0,0,0,1,0,0,0,0,0,0,0,0,0,0,0,0,0,0,0,0,0,0,0,0,0,0,0,0,0,0,0,0,0,0,0,0,0,0,0,0,0,0,0,0,0,0,0,0,0,0,0,0,0,0,0,0,0,0,0,0,0,0,0,0,0,0,0,0,0,0,0,0,0,0,0,0,0,0,0,0,0,0,0,0,0,0,0,0,0,0,0,0,0,0,0,0,0,0,0,0,0,0,0,0,0,0,0,0,0,0,0,0,0,0,0,0,0,0,0,0,0,0,0,0,0,0,0,0,0,0,0,0,0,0,0,0,0,0,0,0,0,0,0,0,0,0
"Welcome to Hogwarts","Ren_di_Angelo_nee_Riddle","Homestuck,Harry Potter - J. K. Rowling",English,434,1/1,0,0,9,0,92,Not Rated,19 Dec 2014,"Dave Strider,Karkat Vantas,John Egbert,Rose Lalonde","Dave Strider/Karkat Vantas","Graphic Depictions Of Violence,Underage",0,0,0,0,0,0,0,0,0,0,0,0,0,0,0,0,0,0,0,0,0,0,0,0,0,0,0,0,0,0,0,0,0,0,0,0,0,0,0,0,0,0,0,0,0,0,0,0,0,0,0,0,0,0,0,0,0,0,0,0,0,0,0,0,0,0,0,0,0,0,0,0,0,0,0,0,0,0,0,0,0,0,0,0,0,0,0,0,0,0,0,0,0,0,0,0,0,0,0,0,0,0,0,0,0,0,0,0,0,0,0,0,0,0,0,0,0,0,0,0,0,0,0,0,0,0,0,0,0,0,0,0,0,0,0,0,0,0,0,0,0,0,0,0,0,0,0,0,0,0,0,0,0,0,0,0,0,0,0,0,0,0,0,0,0,0,0,0,0,0,0,0,0,0,0,0,0,0,0,0,0,0,0,0,0,0,0,0,0,0,0,0,0,0,0,0,0,0,0,0,0,0,0,0,0,0,0,0,1
"Breaking Prisoner of Mockingjaystuck","IDRINKDEMONZBLOOD","Harry Potter - J. K. Rowling,Hunger Games Trilogy - Suzanne Collins,Twilight Series - Stephenie Meyer,Homestuck - Andrew Hussie",English,944,2/?,0,12,6,0,183,Explicit, 1 Dec 2014,"Harry Potter,Hermione Granger,Ron Weasley,Katniss Everdeen,Peeta Mellark,Gale Hawthorne,Bella Swan,Edward Cullen,Jacob Black,Karkat Vantas,Aradia Megido,Tavros Nitram,Sollux Captor,Nepeta Leijon,Kanaya Maryam,Terezi Pyrope,Gamzee Makara,Eridan Ampora,Feferi Peixes,John Egbert,Dave Strider,Rose Lalonde,Jade Harley,Dirk Strider,Jane Crocker,Roxy Lalonde,Jake English,Kankri Vantas,Damara Megido,Rufioh Nitram,Mituna Captor,Meulin Leijon,Porrim Maryam,Latula Pyrope,Aranea Serket,Horrus Zahhak,Kurloz Makara,Cronus Ampora,Meenah Peixes,OCs,Draco Malfoy,Vriska Serket","","Graphic Depictions Of Violence,Major Character Death,Rape/Non-Con,Underage",0,0,0,0,0,0,0,0,0,0,1,0,0,0,0,0,0,0,0,0,0,0,0,0,0,0,0,0,0,0,0,0,0,0,0,0,0,0,0,0,0,0,0,0,0,0,0,0,0,0,0,0,0,0,0,0,0,0,0,0,0,0,0,0,0,0,0,1,1,0,0,0,0,0,0,0,0,0,0,0,0,0,0,0,0,0,0,0,0,0,0,0,0,0,0,0,0,0,1,1,1,1,1,1,1,1,1,1,1,1,1,1,1,1,1,1,1,1,0,0,0,0,0,0,0,0,0,0,0,0,0,0,0,0,0,0,0,0,0,0,0,0,0,0,0,0,0,0,0,0,0,0,0,0,0,0,0,0,0,0,0,0,0,0,0,0,0,0,0,0,0,0,0,0,0,0,0,0,0,0,0,0,0,0,0,0,0,0,0,0,0,0,0,0,0,0,0,0,0,0,0,0,0,0,0,0,0,0,0
